–†—É—Å–ª–∞–Ω –£—Å–∞—á–µ–≤,UCDaIW2zPRWhzQ9Hj7a0QP1w,,,
video id,video title,views count,COMPANY,LINK
eTeBjUxy0w4,"–ö–†–£–ò–ó –ó–ê $40 000 ‚Äì –°–ï–í–ï–†–ù–´–ô –ü–û–õ–Æ–° // –õ–µ–¥–æ–∫–æ–ª ""50 –ª–µ—Ç –ü–æ–±–µ–¥—ã""",8595677,usachev.shop,http://usachev.shop/
eTeBjUxy0w4,"–ö–†–£–ò–ó –ó–ê $40 000 ‚Äì –°–ï–í–ï–†–ù–´–ô –ü–û–õ–Æ–° // –õ–µ–¥–æ–∫–æ–ª ""50 –ª–µ—Ç –ü–æ–±–µ–¥—ã""",8595677,Go Travel Un Limited (Hong Kong),https://www.aviasales.ru/poravalit
eTeBjUxy0w4,"–ö–†–£–ò–ó –ó–ê $40 000 ‚Äì –°–ï–í–ï–†–ù–´–ô –ü–û–õ–Æ–° // –õ–µ–¥–æ–∫–æ–ª ""50 –ª–µ—Ç –ü–æ–±–µ–¥—ã""",8595677,kirsworkshop.ru,https://kirsworkshop.ru/
v7ZHM3SbvLg,–û–°–¢–†–´–ô –ü–ï–†–ï–¶ –ò –ö–†–û–ö–û–î–ò–õ [–ì–æ—Ä—è—á–∏–µ –ò–≥—Ä—ã],7121991,usachev.shop,http://usachev.shop/
v7ZHM3SbvLg,–û–°–¢–†–´–ô –ü–ï–†–ï–¶ –ò –ö–†–û–ö–û–î–ò–õ [–ì–æ—Ä—è—á–∏–µ –ò–≥—Ä—ã],7121991,klikklak.ru,https://www.youtube.com/klikklak
JBjFZD2YyHc,–ö—Ä—É–∏–∑ –Ω–∞ –ª–∞–π–Ω–µ—Ä–µ ‚Äì –ü–õ–û–•–ê–Ø –ò–î–ï–Ø!,4861073,usachev.shop,http://usachev.shop/
Ie2qo2Hpw9M,–ì–û–†–Ø–ß–ò–ï –ò–ì–†–´ ‚Äì –ü–õ–û–•–ò–ï –ê–ù–ï–ö–î–û–¢–´,4639111,usachev.shop,http://usachev.shop/
JBBvQrKnJpI,–ù–∞ –ø—è—Ç—å–¥–µ—Å—è—Ç –æ—Ç—Ç–µ–Ω–∫–æ–≤ [Kate Clapp –∏ –†—É—Å–ª–∞–Ω –£—Å–∞—á–µ–≤],4558102,usachev.shop,http://usachev.shop/
CtcrNMpCaIc,"–í–´–ß–ò–°–õ–ò–õ, –°–ö–û–õ–¨–ö–û –ë–£–î–ï–¢ –ñ–ò–¢–¨ –ü–£–¢–ò–ù!",3614726,usachev.shop,http://usachev.shop/
1xkyllL6DPU,–ù–û–†–ò–õ–¨–°–ö. –°–∞–º—ã–π –≥—Ä—è–∑–Ω—ã–π –≥–æ—Ä–æ–¥ –†–æ—Å—Å–∏–∏  [–ü–æ—Ä–∞ –í–∞–ª–∏—Ç—å],3257201,AO Tinkoff Bank,tinkoff.ru
1xkyllL6DPU,–ù–û–†–ò–õ–¨–°–ö. –°–∞–º—ã–π –≥—Ä—è–∑–Ω—ã–π –≥–æ—Ä–æ–¥ –†–æ—Å—Å–∏–∏  [–ü–æ—Ä–∞ –í–∞–ª–∏—Ç—å],3257201,usachev.shop,http://usachev.shop/
1xkyllL6DPU,–ù–û–†–ò–õ–¨–°–ö. –°–∞–º—ã–π –≥—Ä—è–∑–Ω—ã–π –≥–æ—Ä–æ–¥ –†–æ—Å—Å–∏–∏  [–ü–æ—Ä–∞ –í–∞–ª–∏—Ç—å],3257201,kirsworkshop.ru,https://kirsworkshop.ru/
0cNgip4Re-E,–ö–£–ü–ò–õ –ù–ê–£–®–ù–ò–ö–ò –¢–ò–ú–ê–¢–ò BlackStar Click'n'Play,3087728,usachev.shop,http://usachev.shop/
cfCnr9Ke9NY,–®–û–ö–ò–†–£–Æ–©–ê–Ø –Ø–ü–û–ù–ò–Ø [–ü–æ—Ä–∞ –í–∞–ª–∏—Ç—å –≤ –¢–æ–∫–∏–æ!],2793689,aviaseils.ru,https://i.avs.io/c5xoto
cfCnr9Ke9NY,–®–û–ö–ò–†–£–Æ–©–ê–Ø –Ø–ü–û–ù–ò–Ø [–ü–æ—Ä–∞ –í–∞–ª–∏—Ç—å –≤ –¢–æ–∫–∏–æ!],2793689,usachev.shop,http://usachev.shop/
cfCnr9Ke9NY,–®–û–ö–ò–†–£–Æ–©–ê–Ø –Ø–ü–û–ù–ò–Ø [–ü–æ—Ä–∞ –í–∞–ª–∏—Ç—å –≤ –¢–æ–∫–∏–æ!],2793689,kirsworkshop.ru,https://kirsworkshop.ru/
I-f-apMqyec,–ü—Ä–æ–≤–µ—Ä–∏–ª –†–û–°–¢ –¶–ï–ù –≤ –†–æ—Å—Å–∏–∏ –∑–∞ 13 –ª–µ—Ç// –†–µ–∞–ª—å–Ω–∞—è –∏–Ω—Ñ–ª—è—Ü–∏—è —Ä—É–±–ª—è,2664343,usachev.shop,http://usachev.shop/
_u9WLwwYkbI,–û—Ç–¥–∞–ª 100 000 –∑–∞ –ª–æ–≥–æ –æ—Ç –ù–µ–π—Ä–æ—Å–µ—Ç–∏ –°—Ç—É–¥–∏–∏ –õ–µ–±–µ–¥–µ–≤–∞. –ü–æ–ª—É—á–∏–ª –≠–¢–û...,2550133,usachev.shop,http://usachev.shop/
S1ch98bXFzw,"–†–û–°–°–ò–Ø ‚Äî –°–ï–í–ï–†–ù–ê–Ø –ö–û–†–ï–Ø // –ì—Ä–∞–Ω–∏—Ü–∞, –∫–æ—Ç–æ—Ä—É—é –Ω–µ–Ω–∞–≤–∏–¥–∏—Ç –ö–∏—Ç–∞–π",2415278,usachev.shop,http://usachev.shop
S1ch98bXFzw,"–†–û–°–°–ò–Ø ‚Äî –°–ï–í–ï–†–ù–ê–Ø –ö–û–†–ï–Ø // –ì—Ä–∞–Ω–∏—Ü–∞, –∫–æ—Ç–æ—Ä—É—é –Ω–µ–Ω–∞–≤–∏–¥–∏—Ç –ö–∏—Ç–∞–π",2415278,Go Travel Un Limited (Hong Kong),https://www.aviasales.ru/poravalit
ck5IRb4f3dg,–ü–û–†–ê –í–ê–õ–ò–¢–¨ –í –ö–ò–ï–í!,2288499,"Domains By Proxy, LLC",http://go.italki.com/usachev
m85ITkjlojk,–ì–ª–∞–≤–Ω—ã–π –º–∏–Ω—É—Å –ö–∞–∑–∞—Ö—Å—Ç–∞–Ω–∞! [–ü–æ—Ä–∞ –í–∞–ª–∏—Ç—å],2259360,Plarium Global Ltd,https://clik.cc/0A1E2
m85ITkjlojk,–ì–ª–∞–≤–Ω—ã–π –º–∏–Ω—É—Å –ö–∞–∑–∞—Ö—Å—Ç–∞–Ω–∞! [–ü–æ—Ä–∞ –í–∞–ª–∏—Ç—å],2259360,usachev.shop,https://usachev.shop/
m85ITkjlojk,–ì–ª–∞–≤–Ω—ã–π –º–∏–Ω—É—Å –ö–∞–∑–∞—Ö—Å—Ç–∞–Ω–∞! [–ü–æ—Ä–∞ –í–∞–ª–∏—Ç—å],2259360,Go Travel Un Limited (Hong Kong),https://poravalit.aviasales.ru/
m85ITkjlojk,–ì–ª–∞–≤–Ω—ã–π –º–∏–Ω—É—Å –ö–∞–∑–∞—Ö—Å—Ç–∞–Ω–∞! [–ü–æ—Ä–∞ –í–∞–ª–∏—Ç—å],2259360,"Domains By Proxy, LLC",https://clik.cc/a4rk4
fHBU1uEgLWY,–°–ê–ú–ê–Ø –ì–†–Ø–ó–ù–ê–Ø –°–¢–†–ê–ù–ê [–ü–æ—Ä–∞ –í–∞–ª–∏—Ç—å - –ò–ù–î–ò–Ø],2174184,aviaseils.ru,https://avs.io/poravalit
fHBU1uEgLWY,–°–ê–ú–ê–Ø –ì–†–Ø–ó–ù–ê–Ø –°–¢–†–ê–ù–ê [–ü–æ—Ä–∞ –í–∞–ª–∏—Ç—å - –ò–ù–î–ò–Ø],2174184,kirsworkshop.ru,https://kirsworkshop.ru/
YD6i4UzxnHQ,"–°—Ç—Ä–∞–Ω–∞, –≥–¥–µ –æ—Å—Ç–∞–Ω–æ–≤–∏–ª–æ—Å—å –≤—Ä–µ–º—è [–ü–æ—Ä–∞ –≤–∞–ª–∏—Ç—å –Ω–∞ –ö—É–±—É!]",2149224,AO Tinkoff Bank,tinkoff.ru
ZuXd6ufjT94,–ü–æ—Ä–∞ –≤–∞–ª–∏—Ç—å‚Äì –ì—Ä—É–∑–∏—è!,1919958,aviaseils.ru,http://avs.io/qli5
ZuXd6ufjT94,–ü–æ—Ä–∞ –≤–∞–ª–∏—Ç—å‚Äì –ì—Ä—É–∑–∏—è!,1919958,kirsworkshop.ru,https://kirsworkshop.ru/
PO090-xTmyQ,"""–£–î–ê–ß–ù–´–ô"" –î–£–ë–õ–ò–ù [–ü–æ—Ä–∞ –í–∞–ª–∏—Ç—å - –ò—Ä–ª–∞–Ω–¥–∏—è]",1894035,Go Travel Un Limited (Hong Kong),https://www.aviasales.ru/poravalit
PO090-xTmyQ,"""–£–î–ê–ß–ù–´–ô"" –î–£–ë–õ–ò–ù [–ü–æ—Ä–∞ –í–∞–ª–∏—Ç—å - –ò—Ä–ª–∞–Ω–¥–∏—è]",1894035,kirsworkshop.ru,https://kirsworkshop.ru/
LoZptmCVePk,–í–û –ß–¢–û –ü–†–ï–í–†–ê–¢–ò–õ–ê–°–¨ –ß–ï–†–ù–û–ì–û–†–ò–Ø! [–ü–æ—Ä–∞ –í–∞–ª–∏—Ç—å],1786627,usachev.shop,https://usachev.shop/
LoZptmCVePk,–í–û –ß–¢–û –ü–†–ï–í–†–ê–¢–ò–õ–ê–°–¨ –ß–ï–†–ù–û–ì–û–†–ò–Ø! [–ü–æ—Ä–∞ –í–∞–ª–∏—Ç—å],1786627,Go Travel Un Limited (Hong Kong),https://poravalit.aviasales.ru/
qz5TqGhhk4w,–†—É—Å—Å–∫–∞—è –ê–º–µ—Ä–∏–∫–∞ [–ü–æ—Ä–∞ –í–∞–ª–∏—Ç—å –≤ –ù—å—é-–ô–æ—Ä–∫],1758885,Go Travel Un Limited (Hong Kong),http://www.aviasales.ru
DSXjcfKCeSw,"–ü–û–†–ê –í–ê–õ–ò–¢–¨ ‚Äì –ü–û–õ–¨–®–ê! –í–∞—Ä—à–∞–≤–∞, –ö—Ä–∞–∫–æ–≤, –û—Å–≤–µ–Ω—Ü–∏–º",1710156,aviaseils.ru,https://i.avs.io/mqrgpe
78-Itd_RE-c,–Ø –ø–æ—Å–ª—É—à–∞–ª –í–°–ï –ø–µ—Å–Ω–∏ –¢–∏–º–∞—Ç–∏. –ò –≤–æ—Ç —á—Ç–æ –ø–æ–Ω—è–ª...,1707750,klikklak.shop,https://vk.cc/9x8cxQ
eyIuWr1XsBo,–ü–û–†–ê –í–ê–õ–ò–¢–¨ –í –î–£–ë–ê–ô!,1698769,OANO DPO SKYENG,https://go.sky.pro/pora_valit
eyIuWr1XsBo,–ü–û–†–ê –í–ê–õ–ò–¢–¨ –í –î–£–ë–ê–ô!,1698769,usachev.shop,https://usachev.shop/
eyIuWr1XsBo,–ü–û–†–ê –í–ê–õ–ò–¢–¨ –í –î–£–ë–ê–ô!,1698769,Go Travel Un Limited (Hong Kong),https://aviasales.ru
eyIuWr1XsBo,–ü–û–†–ê –í–ê–õ–ò–¢–¨ –í –î–£–ë–ê–ô!,1698769,Department of Tourism and Commerce Marketing,https://www.visitdubai.com/ru
qp6Ct86Ek5Q,–•–†–ê–ú–û–í –û–ù–ò –ù–ï –ü–û–ñ–ê–õ–ï–õ–ò [–ü–æ—Ä–∞ –í–∞–ª–∏—Ç—å - –ó–æ–ª–æ—Ç–æ–µ –ö–æ–ª—å—Ü–æ –†–æ—Å—Å–∏–∏],1696722,Go Travel Un Limited (Hong Kong),https://www.aviasales.ru/poravalit
qp6Ct86Ek5Q,–•–†–ê–ú–û–í –û–ù–ò –ù–ï –ü–û–ñ–ê–õ–ï–õ–ò [–ü–æ—Ä–∞ –í–∞–ª–∏—Ç—å - –ó–æ–ª–æ—Ç–æ–µ –ö–æ–ª—å—Ü–æ –†–æ—Å—Å–∏–∏],1696722,kirsworkshop.ru,https://kirsworkshop.ru/
5mr1mYAmfIA,–ü–æ—Ä–∞ –≤–∞–ª–∏—Ç—å –≤–æ –í–ª–∞–¥–∏–≤–æ—Å—Ç–æ–∫!,1621707,ANO Hero Race,http://goo.gl/6TZCiD
x6UM-zbsuQw,–ü–æ—Ä–∞ –í–∞–ª–∏—Ç—å –≤ –°–æ—á–∏!,1590084,AO Tinkoff Bank,tinkoff.ru
auGeDDohDCE,–°–ê–ú–ê–Ø –†–£–°–°–ö–ê–Ø –ï–í–†–û–ü–ê [–ü–æ—Ä–∞ –í–∞–ª–∏—Ç—å –≤ –ö–∞–ª–∏–Ω–∏–Ω–≥—Ä–∞–¥],1531383,AO Tinkoff Bank,tinkoff.ru
auGeDDohDCE,–°–ê–ú–ê–Ø –†–£–°–°–ö–ê–Ø –ï–í–†–û–ü–ê [–ü–æ—Ä–∞ –í–∞–ª–∏—Ç—å –≤ –ö–∞–ª–∏–Ω–∏–Ω–≥—Ä–∞–¥],1531383,kirsworkshop.ru,https://kirsworkshop.ru/
7xvmA4L4ZDo,–ë–ï–õ–ê–†–£–°–¨ –ü–†–û–¢–ò–í –õ–£–ö–ê–®–ï–ù–ö–û // –†—É—Å—Å–∫–æ–µ –ª–µ–∫–∞—Ä—Å—Ç–≤–æ –æ—Ç COVID-19 // –û—à–∏–±–∫–∞ –ú–∞–∫—Å–∞ –ö–æ—Ä–∂–∞,1524394,Plarium Global Ltd,https://clik.cc/v0dts
7xvmA4L4ZDo,–ë–ï–õ–ê–†–£–°–¨ –ü–†–û–¢–ò–í –õ–£–ö–ê–®–ï–ù–ö–û // –†—É—Å—Å–∫–æ–µ –ª–µ–∫–∞—Ä—Å—Ç–≤–æ –æ—Ç COVID-19 // –û—à–∏–±–∫–∞ –ú–∞–∫—Å–∞ –ö–æ—Ä–∂–∞,1524394,"Domains By Proxy, LLC",https://clik.cc/LBAxL
7xvmA4L4ZDo,–ë–ï–õ–ê–†–£–°–¨ –ü–†–û–¢–ò–í –õ–£–ö–ê–®–ï–ù–ö–û // –†—É—Å—Å–∫–æ–µ –ª–µ–∫–∞—Ä—Å—Ç–≤–æ –æ—Ç COVID-19 // –û—à–∏–±–∫–∞ –ú–∞–∫—Å–∞ –ö–æ—Ä–∂–∞,1524394,klikklak.shop,https://vk.cc/9x8cxQ
0MdSjDoDy0Q,–°–∞–º—ã–π –î–û–†–û–ì–û–ô –Ω–æ—É—Ç–±—É–∫ –ü–†–û–¢–ò–í —Å–∞–º–æ–≥–æ –î–ï–®–ï–í–û–ì–û // ASUS ROG MOTHERSHIP vs. IRBIS NB102,1506779,klikklak.shop,https://vk.cc/9x8cxQ
NVpkFMesO2c,–¢–∏–º–∞—Ç–∏ –æ–±—É–ª –ê—Ä–º–∏—é –†–æ—Å—Å–∏–∏ –≤ AliExpress,1504976,"YANDEX, LLC.",https://ya.cc/5xUMV
NVpkFMesO2c,–¢–∏–º–∞—Ç–∏ –æ–±—É–ª –ê—Ä–º–∏—é –†–æ—Å—Å–∏–∏ –≤ AliExpress,1504976,klikklak.shop,https://vk.cc/9pbVQZ
tP4a5Cu9b2w,–ü–û–†–ê –í–ê–õ–ò–¢–¨ –í –ë–ê–ö–£. –ê–ó–ï–†–ë–ê–ô–î–ñ–ê–ù,1477467,Go Travel Un Limited (Hong Kong),https://www.aviasales.ru/poravalit
tP4a5Cu9b2w,–ü–û–†–ê –í–ê–õ–ò–¢–¨ –í –ë–ê–ö–£. –ê–ó–ï–†–ë–ê–ô–î–ñ–ê–ù,1477467,kirsworkshop.ru,https://kirsworkshop.ru/
tP4a5Cu9b2w,–ü–û–†–ê –í–ê–õ–ò–¢–¨ –í –ë–ê–ö–£. –ê–ó–ï–†–ë–ê–ô–î–ñ–ê–ù,1477467,klikklak.shop,https://vk.cc/9x8cxQ
8Gof41rk_hc,–ü–æ—Ä–∞ –≤–∞–ª–∏—Ç—å –∏–∑ –†–æ—Å—Å–∏–∏,1476962,usachev.shop,https://usachev.shop/
cc92dhy0wyk,–ü–æ—Ä–∞ –≤–∞–ª–∏—Ç—å –≤ –ü–∏—Ç–µ—Ä!,1469493,Go Travel Un Limited (Hong Kong),http://map.aviasales.ru
bKN35_Dl9TI,–ù–µ–≤–∏–Ω–æ–≤–Ω—ã–π –ï—Ñ—Ä–µ–º–æ–≤ // –í–∑—Ä—ã–≤ –≤ –ë–µ–π—Ä—É—Ç–µ // –ß–í–ö –í–∞–≥–Ω–µ—Ä –≤ –ë–µ–ª–∞—Ä—É—Å–∏ // –õ–∏—á–Ω—ã–π —Å–ø–æ—Ä—Ç –°–∫–∞–ª—ã // –û—Ç–º–µ–Ω–∞ –ú—É–ª–∞–Ω,1463567,Vimbox Limited,https://go.skyeng.ru/survey_usachev
bKN35_Dl9TI,–ù–µ–≤–∏–Ω–æ–≤–Ω—ã–π –ï—Ñ—Ä–µ–º–æ–≤ // –í–∑—Ä—ã–≤ –≤ –ë–µ–π—Ä—É—Ç–µ // –ß–í–ö –í–∞–≥–Ω–µ—Ä –≤ –ë–µ–ª–∞—Ä—É—Å–∏ // –õ–∏—á–Ω—ã–π —Å–ø–æ—Ä—Ç –°–∫–∞–ª—ã // –û—Ç–º–µ–Ω–∞ –ú—É–ª–∞–Ω,1463567,klikklak.shop,https://vk.cc/9x8cxQ
sHM6XKnK-Y4,"–¢—É—Ä—Ü–∏—è, –∫–æ—Ç–æ—Ä—É—é –≤—ã –Ω–µ –≤–∏–¥–µ–ª–∏ [–ü–æ—Ä–∞ –í–∞–ª–∏—Ç—å]",1463330,Go Travel Un Limited (Hong Kong),http://avs.io/qli5
sHM6XKnK-Y4,"–¢—É—Ä—Ü–∏—è, –∫–æ—Ç–æ—Ä—É—é –≤—ã –Ω–µ –≤–∏–¥–µ–ª–∏ [–ü–æ—Ä–∞ –í–∞–ª–∏—Ç—å]",1463330,kirsworkshop.ru,https://kirsworkshop.ru/
sHM6XKnK-Y4,"–¢—É—Ä—Ü–∏—è, –∫–æ—Ç–æ—Ä—É—é –≤—ã –Ω–µ –≤–∏–¥–µ–ª–∏ [–ü–æ—Ä–∞ –í–∞–ª–∏—Ç—å]",1463330,bckstgspb.com,bckstgspb.com
sphlZKlz1Ek,–ü–æ—Ä–∞ –≤–∞–ª–∏—Ç—å –≤ –ß–∏–∫–∞–≥–æ!,1462849,aviaseils.ru,http://avs.io/qli5
W3ih857fvVY,–û—Ç–¥–∞–ª 200 000 –∑–∞ –ª–æ–≥–æ –æ—Ç –°—Ç—É–¥–∏–∏ –õ–µ–±–µ–¥–µ–≤–∞. –ü–æ–ª—É—á–∏–ª –≠–¢–û...,1462296,klikklak.shop,https://vk.cc/9x8cxQ
5ma2zfScJHU,–ú–∏–∑—É–ª–∏–Ω–∞ –ø–æ—Ä—Ç–∏—Ç –≤—Å–µ // –ë–µ–ª–∞—Ä—É—Å—å –∏ –•–∞–±–∞—Ä–æ–≤—Å–∫ –ø—Ä–æ—Ç–µ—Å—Ç—É–µ—Ç // –ü—Ä–µ–∑–∏–¥–µ–Ω—Ç –ö–∞–Ω—å–µ –í–µ—Å—Ç // Spotify –≤ –†–æ—Å—Å–∏–∏,1454089,AO Raiffeisenbank,http://rzb.ru/oY9PqC
5ma2zfScJHU,–ú–∏–∑—É–ª–∏–Ω–∞ –ø–æ—Ä—Ç–∏—Ç –≤—Å–µ // –ë–µ–ª–∞—Ä—É—Å—å –∏ –•–∞–±–∞—Ä–æ–≤—Å–∫ –ø—Ä–æ—Ç–µ—Å—Ç—É–µ—Ç // –ü—Ä–µ–∑–∏–¥–µ–Ω—Ç –ö–∞–Ω—å–µ –í–µ—Å—Ç // Spotify –≤ –†–æ—Å—Å–∏–∏,1454089,klikklak.shop,https://vk.cc/9x8cxQ
Ru9fvVdR2W8,–ü–æ—Ä–∞ –≤–∞–ª–∏—Ç—å –≤ –ú–∞–π–∞–º–∏!,1453910,AO Tinkoff Bank,tinkoff.ru
GMWiP4rzCcs,–ù–æ–≤–∞—è –ö–æ–Ω—Å—Ç–∏—Ç—É—Ü–∏—è –†–§ // –°–µ—Ä–∏–∞–ª FALLOUT // –ë–ª–æ–∫–∏—Ä–æ–≤–∫–∞ –¢–∏–∫ –¢–æ–∫ // –î–∂–µ–∫ –í–æ—Ä–æ–±–µ–π ‚Äì –∂–µ–Ω—â–∏–Ω–∞,1417252,Vimbox Limited,https://go.skyeng.ru/usachev_intensive
GMWiP4rzCcs,–ù–æ–≤–∞—è –ö–æ–Ω—Å—Ç–∏—Ç—É—Ü–∏—è –†–§ // –°–µ—Ä–∏–∞–ª FALLOUT // –ë–ª–æ–∫–∏—Ä–æ–≤–∫–∞ –¢–∏–∫ –¢–æ–∫ // –î–∂–µ–∫ –í–æ—Ä–æ–±–µ–π ‚Äì –∂–µ–Ω—â–∏–Ω–∞,1417252,klikklak.shop,https://vk.cc/9x8cxQ
LZ7XOQ_4VKI,–õ–£–ß–®–ò–ô –ò –•–£–î–®–ò–ô –†–ï–ì–ò–û–ù –†–û–°–°–ò–ò,1407948,usachev.shop,https://usachev.shop
Ju-GW8dtefA,–í–¢–û–†–ê–Ø –í–û–õ–ù–ê –≤ –†–æ—Å—Å–∏–∏ // –ê–∑–µ—Ä–±–∞–π–¥–∂–∞–Ω –∏ –ê—Ä–º–µ–Ω–∏—è // –í–æ–π–Ω–∞ –≤ –ö–∞—Ä–∞–±–∞—Ö–µ // –ë–æ—Ä–∞—Ç 2 // –í—ã–±–æ—Ä—ã –≤ –û–¥–µ—Å—Å–µ,1396569,Vimbox Limited,https://go.skyeng.ru/level_usachev
Ju-GW8dtefA,–í–¢–û–†–ê–Ø –í–û–õ–ù–ê –≤ –†–æ—Å—Å–∏–∏ // –ê–∑–µ—Ä–±–∞–π–¥–∂–∞–Ω –∏ –ê—Ä–º–µ–Ω–∏—è // –í–æ–π–Ω–∞ –≤ –ö–∞—Ä–∞–±–∞—Ö–µ // –ë–æ—Ä–∞—Ç 2 // –í—ã–±–æ—Ä—ã –≤ –û–¥–µ—Å—Å–µ,1396569,klikklak.shop,https://vk.cc/9x8cxQ
pJCv4OP-j2g,Tik Tok —Ç—Ä–æ–ª–ª–∏—Ç –¢—Ä–∞–º–ø–∞ // –ë–µ–ª–∞—Ä—É—Å—å –∏ –°–∞—à–∞ 3% // –†–µ–≤–æ–ª—é—Ü–∏—è Apple iOS 14 / –î–µ–ª–æ –°–µ—Ç–∏ –∏ –°–µ–¥—å–º–æ–π –°—Ç—É–¥–∏–∏,1371937,Plarium Global Ltd,https://clik.cc/fXVf1
pJCv4OP-j2g,Tik Tok —Ç—Ä–æ–ª–ª–∏—Ç –¢—Ä–∞–º–ø–∞ // –ë–µ–ª–∞—Ä—É—Å—å –∏ –°–∞—à–∞ 3% // –†–µ–≤–æ–ª—é—Ü–∏—è Apple iOS 14 / –î–µ–ª–æ –°–µ—Ç–∏ –∏ –°–µ–¥—å–º–æ–π –°—Ç—É–¥–∏–∏,1371937,"Domains By Proxy, LLC",https://clik.cc/ScKSy
pJCv4OP-j2g,Tik Tok —Ç—Ä–æ–ª–ª–∏—Ç –¢—Ä–∞–º–ø–∞ // –ë–µ–ª–∞—Ä—É—Å—å –∏ –°–∞—à–∞ 3% // –†–µ–≤–æ–ª—é—Ü–∏—è Apple iOS 14 / –î–µ–ª–æ –°–µ—Ç–∏ –∏ –°–µ–¥—å–º–æ–π –°—Ç—É–¥–∏–∏,1371937,klikklak.shop,https://vk.cc/9x8cxQ
Ip0ze0BFUlI,–í–û –ß–¢–û –ü–†–ï–í–†–ê–¢–ò–õ–ò –ê–§–ò–ù–´ [–ü–æ—Ä–∞ –í–∞–ª–∏—Ç—å - –ì—Ä–µ—Ü–∏—è!],1358747,aviaseils.ru,http://avs.io/qli5
Ip0ze0BFUlI,–í–û –ß–¢–û –ü–†–ï–í–†–ê–¢–ò–õ–ò –ê–§–ò–ù–´ [–ü–æ—Ä–∞ –í–∞–ª–∏—Ç—å - –ì—Ä–µ—Ü–∏—è!],1358747,kirsworkshop.ru,https://kirsworkshop.ru/
qBQH069gd58,–¢–∏–º–∞—Ç–∏ –∏—Å–ø–æ—Ä—Ç–∏–ª –ú–æ—Ä–≥–µ–Ω—à—Ç–µ—Ä–Ω–∞ // –ö–∞—Ç–∞—Å—Ç—Ä–æ—Ñ–∞ –Ω–∞ –ö–∞–º—á–∞—Ç–∫–µ // –ù–∞–≤–∞–ª—å–Ω—ã–π —É –î—É–¥—è // –†–µ–≤–æ–ª—é—Ü–∏—è –≤ –ö–∏—Ä–≥–∏–∑–∏–∏,1348880,Notion,http://bit.ly/usachevnotion
dKElnFv7Yac,–†–µ–≥–∏–Ω–∞ –¢–æ–¥–æ—Ä–µ–Ω–∫–æ –∏ –¥–æ–º–∞—à–Ω–µ–µ –Ω–∞—Å–∏–ª–∏–µ // –ü—Ä–æ–ø–∞–∂–∞ –ö–∏–º –ß–µ–Ω –´–Ω–∞ // –û—Ñ–∏—Ü–∏–∞–ª—å–Ω—ã–µ –≤–∏–¥–µ–æ —Å –ù–õ–û –∏–∑ –°–®–ê,1346106,Vimbox Limited,http://skyeng.ru/go/usachev_premium
dKElnFv7Yac,–†–µ–≥–∏–Ω–∞ –¢–æ–¥–æ—Ä–µ–Ω–∫–æ –∏ –¥–æ–º–∞—à–Ω–µ–µ –Ω–∞—Å–∏–ª–∏–µ // –ü—Ä–æ–ø–∞–∂–∞ –ö–∏–º –ß–µ–Ω –´–Ω–∞ // –û—Ñ–∏—Ü–∏–∞–ª—å–Ω—ã–µ –≤–∏–¥–µ–æ —Å –ù–õ–û –∏–∑ –°–®–ê,1346106,klikklak.shop,https://vk.cc/9x8cxQ
_K8fyyroQCY,"–°–æ–±–æ–ª–µ–≤ –Ω–µ –ø—Ä–∞–≤, –∏ –≤–æ—Ç –ø–æ—á–µ–º—É",1333152,Volkswagen AG,http://bit.ly/2M2kGVa
doXbrFbffmw,–ù–∞—Å –∂–¥–µ—Ç –≤–æ–π–Ω–∞ —Å –£–∫—Ä–∞–∏–Ω–æ–π? // –û–≥—Ä–æ–º–Ω–∞—è —É—Ç–µ—á–∫–∞ –¥–∞–Ω–Ω—ã—Ö —É Facebook // –ù–µ–∑–∞–∫–æ–Ω–Ω–∞—è —Ñ–æ—Ç–æ—Å–µ—Å—Å–∏—è –≤ –î—É–±–∞–µ,1330357,REDACTED FOR PRIVACY,https://haveibeenpwned.com/
doXbrFbffmw,–ù–∞—Å –∂–¥–µ—Ç –≤–æ–π–Ω–∞ —Å –£–∫—Ä–∞–∏–Ω–æ–π? // –û–≥—Ä–æ–º–Ω–∞—è —É—Ç–µ—á–∫–∞ –¥–∞–Ω–Ω—ã—Ö —É Facebook // –ù–µ–∑–∞–∫–æ–Ω–Ω–∞—è —Ñ–æ—Ç–æ—Å–µ—Å—Å–∏—è –≤ –î—É–±–∞–µ,1330357,JOINT-STOCK COMPANY ALFA-BANK,https://alfa.link/e9Yh8w
doXbrFbffmw,–ù–∞—Å –∂–¥–µ—Ç –≤–æ–π–Ω–∞ —Å –£–∫—Ä–∞–∏–Ω–æ–π? // –û–≥—Ä–æ–º–Ω–∞—è —É—Ç–µ—á–∫–∞ –¥–∞–Ω–Ω—ã—Ö —É Facebook // –ù–µ–∑–∞–∫–æ–Ω–Ω–∞—è —Ñ–æ—Ç–æ—Å–µ—Å—Å–∏—è –≤ –î—É–±–∞–µ,1330357,klikklak.shop,https://vk.cc/9x8cxQ
LT_6xg0OZhQ,–ò–í–ê–ù–ì–ê–ô –ü–†–û–¢–ò–í –î–£–î–Ø // –•–û–õ–û–°–¢–Ø–ö –ë–∏–ª–ª –ì–µ–π—Ç—Å // –°–¢–´–î–ù–´–ï –≤—ã–ø–ª–∞—Ç—ã –≤–µ—Ç–µ—Ä–∞–Ω–∞–º –í–û–í –∫ 9 –º–∞—è,1329888,YANDEX LLC,https://go.yandex/ru_ru/lp/rides/comfort
LT_6xg0OZhQ,–ò–í–ê–ù–ì–ê–ô –ü–†–û–¢–ò–í –î–£–î–Ø // –•–û–õ–û–°–¢–Ø–ö –ë–∏–ª–ª –ì–µ–π—Ç—Å // –°–¢–´–î–ù–´–ï –≤—ã–ø–ª–∞—Ç—ã –≤–µ—Ç–µ—Ä–∞–Ω–∞–º –í–û–í –∫ 9 –º–∞—è,1329888,usachev.shop,https://usachev.shop/
r2-bNk3QIN0,–¢—è–∂–µ–ª–æ –±—ã—Ç—å –º–æ—Å–∫–≤–∏—á–æ–º // –ü–æ—Ä–∞ –í–∞–ª–∏—Ç—å - –ú–æ—Å–∫–≤–∞,1324123,Go Travel Un Limited (Hong Kong),https://i.avs.io/xtk9n4
r2-bNk3QIN0,–¢—è–∂–µ–ª–æ –±—ã—Ç—å –º–æ—Å–∫–≤–∏—á–æ–º // –ü–æ—Ä–∞ –í–∞–ª–∏—Ç—å - –ú–æ—Å–∫–≤–∞,1324123,kirsworkshop.ru,https://kirsworkshop.ru/
_h9EJaSP6MU,"–ö—É–ø–∏–ª –í–°–ï —Å—ã—Ä–∫–∏ –ë. –Æ. –ê–õ–ï–ö–°–ê–ù–î–†–û–í, —á—Ç–æ–±—ã –Ω–∞–π—Ç–∏ –õ–£–ß–®–ò–ô –∏ –•–£–î–®–ò–ô —Å—ã—Ä–æ–∫",1315378,Vimbox Limited,https://go.skyeng.ru/ruslanfebruary
_h9EJaSP6MU,"–ö—É–ø–∏–ª –í–°–ï —Å—ã—Ä–∫–∏ –ë. –Æ. –ê–õ–ï–ö–°–ê–ù–î–†–û–í, —á—Ç–æ–±—ã –Ω–∞–π—Ç–∏ –õ–£–ß–®–ò–ô –∏ –•–£–î–®–ò–ô —Å—ã—Ä–æ–∫",1315378,usachev.shop,http://usachev.shop/
2_1oU5miqyI,–ö–∞—Ç–∞—Å—Ç—Ä–æ—Ñ–∞ –≤ –ù–æ—Ä–∏–ª—å—Å–∫–µ // –ë–µ—Å–ø–æ—Ä—è–¥–∫–∏ –≤ –°–®–ê // –ù–µ–π—Ä–æ—Å–µ—Ç–∏ –ø—Ä–æ—Ç–∏–≤ –ª—é–¥–µ–π,1314081,"Huawei Technologies Co., Ltd.",https://bit.ly/2ApeV2O
2_1oU5miqyI,–ö–∞—Ç–∞—Å—Ç—Ä–æ—Ñ–∞ –≤ –ù–æ—Ä–∏–ª—å—Å–∫–µ // –ë–µ—Å–ø–æ—Ä—è–¥–∫–∏ –≤ –°–®–ê // –ù–µ–π—Ä–æ—Å–µ—Ç–∏ –ø—Ä–æ—Ç–∏–≤ –ª—é–¥–µ–π,1314081,klikklak.shop,https://vk.cc/9x8cxQ
AwqWnG2ZofY,–¢–∞–π–Ω–∞ –ª–µ–∫–∞—Ä—Å—Ç–≤–∞ –æ—Ç COVID-19 // –°–ë–ï–† ‚Äì –ù–ï –ë–ê–ù–ö// Microsoft –∫—É–ø–∏–ª Bethesda// –Ø–Ω–¥–µ–∫—Å –∫—É–ø–∏—Ç –¢–∏–Ω—å–∫–æ—Ñ—Ñ,1308334,"Skilfektori, LLC",https://clc.am/D-d5ZQ
AwqWnG2ZofY,–¢–∞–π–Ω–∞ –ª–µ–∫–∞—Ä—Å—Ç–≤–∞ –æ—Ç COVID-19 // –°–ë–ï–† ‚Äì –ù–ï –ë–ê–ù–ö// Microsoft –∫—É–ø–∏–ª Bethesda// –Ø–Ω–¥–µ–∫—Å –∫—É–ø–∏—Ç –¢–∏–Ω—å–∫–æ—Ñ—Ñ,1308334,klikklak.shop,https://vk.cc/9x8cxQ
TTUHPBWjuy4,–ö—Ç–æ –≤—ã–∏–≥—Ä–∞–ª –≤ –±–∞—Ç–ª–µ Oxxxymiron (RU) vs Disaster (USA) #WDVII,1305778,"Airbnb, Inc.",https://www.airbnb.ru/rooms/16290986
-xHhc3b-6Ec,–ù–æ–≤—ã–π –ø—Ä–µ–∑–∏–¥–µ–Ω—Ç –°–®–ê // –ú–æ—Ä–≥–µ–Ω—à—Ç–µ—Ä–Ω –∏ –î—É–¥—å // –ö–æ—Ä–æ–Ω–∞–≤–∏—Ä—É—Å –º—É—Ç–∏—Ä—É–µ—Ç // –ù–æ–≤—ã–π –∫–æ—Ä–æ–ª—å YouTube,1303856,YANDEX LLC,https://go.yandex/ru_ru/
g530KyM6L60,–ö–∞–∫ –ò–ª—å–Ω–∞–∑ –ì–∞–ª—è–≤–∏–µ–≤ –ø–æ–ª—É—á–∏–ª –æ—Ä—É–∂–∏–µ // –ò–∑—Ä–∞–∏–ª—å –Ω–∞ –≥—Ä–∞–Ω–∏ –≤–æ–π–Ω—ã // –í–µ–Ω–æ–º –∏ –ö–∞—Ä–Ω–∞–∂ // –≠—Ç–∏–∫–∞ –°–ü–±–ì–£,1292278,usachev.shop,https://usachev.shop/
g530KyM6L60,–ö–∞–∫ –ò–ª—å–Ω–∞–∑ –ì–∞–ª—è–≤–∏–µ–≤ –ø–æ–ª—É—á–∏–ª –æ—Ä—É–∂–∏–µ // –ò–∑—Ä–∞–∏–ª—å –Ω–∞ –≥—Ä–∞–Ω–∏ –≤–æ–π–Ω—ã // –í–µ–Ω–æ–º –∏ –ö–∞—Ä–Ω–∞–∂ // –≠—Ç–∏–∫–∞ –°–ü–±–ì–£,1292278,Organizacziya Assocziacziya kommunikatorov v sfere obrazovaniya i nauki,https://citizen-science.ru/
g530KyM6L60,–ö–∞–∫ –ò–ª—å–Ω–∞–∑ –ì–∞–ª—è–≤–∏–µ–≤ –ø–æ–ª—É—á–∏–ª –æ—Ä—É–∂–∏–µ // –ò–∑—Ä–∞–∏–ª—å –Ω–∞ –≥—Ä–∞–Ω–∏ –≤–æ–π–Ω—ã // –í–µ–Ω–æ–º –∏ –ö–∞—Ä–Ω–∞–∂ // –≠—Ç–∏–∫–∞ –°–ü–±–ì–£,1292278,"Skilfektori, LLC",https://clc.am/2jysTg
tFkUc-rzUec,MELLSTROY - –ò–ó–ë–ò–ï–ù–ò–ï –ù–ê –°–¢–†–ò–ú–ï// –¢–∏–Ω—å–∫–æ—Ñ—Ñ VS –Ø–Ω–¥–µ–∫—Å // –°–®–ê –≤—ã–∫–∏–Ω—É–ª–∏ —Ä—É—Å—Å–∫–∏–µ –ò–í–õ // –ú–µ–ª—Å—Ç—Ä–æ–π –∑–∞–±–∞–Ω–µ–Ω,1290740,Yandex Europe AG,https://clck.ru/R9GFG
epXhQfMBC1o,–ö–ê–ö –í–´–ñ–ò–¢–¨ –í –ë–£–î–ê–ü–ï–®–¢–ï [–ü–æ—Ä–∞ –í–∞–ª–∏—Ç—å - –í–µ–Ω–≥—Ä–∏—è],1277232,usachev.shop,https://usachev.shop/
epXhQfMBC1o,–ö–ê–ö –í–´–ñ–ò–¢–¨ –í –ë–£–î–ê–ü–ï–®–¢–ï [–ü–æ—Ä–∞ –í–∞–ª–∏—Ç—å - –í–µ–Ω–≥—Ä–∏—è],1277232,Go Travel Un Limited (Hong Kong),https://aviasales.ru
yH__et2tTB8,–ú—è—Å–æ –∏–∑ –ø—Ä–æ–±–∏—Ä–∫–∏ –≤ KFC // –ù–∞–≤–∞–ª—å–Ω—ã–π –∑–∞–∫—Ä—ã–ª –§–ë–ö // –°–µ–∫—Ä–µ—Ç–Ω–∞—è –≤–∞–∫—Ü–∏–Ω–∞ –æ—Ç COVID-19 // –ê–≤—Ç–æ–±—É—Å –≤ –õ—É—Ü–∫–µ,1268932,Russian Federation ministry of public health,http://o-spide.ru/expedition2020
yH__et2tTB8,–ú—è—Å–æ –∏–∑ –ø—Ä–æ–±–∏—Ä–∫–∏ –≤ KFC // –ù–∞–≤–∞–ª—å–Ω—ã–π –∑–∞–∫—Ä—ã–ª –§–ë–ö // –°–µ–∫—Ä–µ—Ç–Ω–∞—è –≤–∞–∫—Ü–∏–Ω–∞ –æ—Ç COVID-19 // –ê–≤—Ç–æ–±—É—Å –≤ –õ—É—Ü–∫–µ,1268932,klikklak.shop,https://vk.cc/9x8cxQ
EMMQ7Ou0IYg,–≠–¥–≤–∞—Ä–¥ –ë–∏–ª —É—Å—Ç—Ä–æ–∏–ª –î–¢–ü // –ù–∞–≤–∞–ª—å–Ω—ã–π –≥–æ–ª–æ–¥–∞–µ—Ç –≤ –∫–æ–ª–æ–Ω–∏–∏// Nike –ø—Ä–æ—Ç–∏–≤ Lil Nas X // –≠–∫–æ–ª–æ–≥–∏—è –≤ –°–∏–±–∏—Ä–∏,1251767,YANDEX LLC,https://ya.cc/t/tbmnc8JORDaTP
EMMQ7Ou0IYg,–≠–¥–≤–∞—Ä–¥ –ë–∏–ª —É—Å—Ç—Ä–æ–∏–ª –î–¢–ü // –ù–∞–≤–∞–ª—å–Ω—ã–π –≥–æ–ª–æ–¥–∞–µ—Ç –≤ –∫–æ–ª–æ–Ω–∏–∏// Nike –ø—Ä–æ—Ç–∏–≤ Lil Nas X // –≠–∫–æ–ª–æ–≥–∏—è –≤ –°–∏–±–∏—Ä–∏,1251767,klikklak.shop,https://vk.cc/9x8cxQ
7K0UdJTkvyg,–í–ª–æ–º–∏–ª–∏—Å—å –≤ –æ—Ñ–∏—Å Facebook [–ü–æ—Ä–∞ –≤–∞–ª–∏—Ç—å –≤ –°–∞–Ω-–§—Ä–∞–Ω—Ü–∏—Å–∫–æ!],1242367,Go Travel Un Limited (Hong Kong),http://avs.io/qli5
TUfZeZhs568,–•–û–í–ê–ù–°–ö–ò–ô –í –°–£–î–ï // –ú–û–ò –ü–û–ë–û–ß–ö–ò –û–¢ –°–ü–£–¢–ù–ò–ö V // –ú–ò–õ–õ–ò–ê–†–î–ï–† –õ–ï–¢–ò–¢ –í –ö–û–°–ú–û–°,1230342,"Domains By Proxy, LLC",https://bit.ly/3ge6ngr
TUfZeZhs568,–•–û–í–ê–ù–°–ö–ò–ô –í –°–£–î–ï // –ú–û–ò –ü–û–ë–û–ß–ö–ò –û–¢ –°–ü–£–¢–ù–ò–ö V // –ú–ò–õ–õ–ò–ê–†–î–ï–† –õ–ï–¢–ò–¢ –í –ö–û–°–ú–û–°,1230342,usachev.shop,https://usachev.shop/
24r_ObGjAzo,—è —Å–≤–∞–ª–∏–ª,1226803,usachev.shop,https://usachev.shop/
24r_ObGjAzo,—è —Å–≤–∞–ª–∏–ª,1226803,Go Travel Un Limited (Hong Kong),https://poravalit.aviasales.ru/
FNK8qHunaLk,Little Big UNO –ø–æ—Ä–≤–µ—Ç –ï–≤—Ä–æ–≤–∏–¥–µ–Ω–∏–µ // –ë–æ–≥ –≤ –∫–æ–Ω—Å—Ç–∏—Ç—É—Ü–∏–∏ –†–æ—Å—Å–∏–∏ // –ï–∫–∞—Ç–µ—Ä–∏–Ω–∞ –î–∏–¥–µ–Ω–∫–æ –ø—Ä–æ—Ç–∏–≤ –∏–Ω—Ç–µ—Ä–Ω–µ—Ç–∞,1207845,aviaseils.ru,https://i.avs.io/emkcyw
FNK8qHunaLk,Little Big UNO –ø–æ—Ä–≤–µ—Ç –ï–≤—Ä–æ–≤–∏–¥–µ–Ω–∏–µ // –ë–æ–≥ –≤ –∫–æ–Ω—Å—Ç–∏—Ç—É—Ü–∏–∏ –†–æ—Å—Å–∏–∏ // –ï–∫–∞—Ç–µ—Ä–∏–Ω–∞ –î–∏–¥–µ–Ω–∫–æ –ø—Ä–æ—Ç–∏–≤ –∏–Ω—Ç–µ—Ä–Ω–µ—Ç–∞,1207845,klikklak.shop,https://vk.cc/9x8cxQ
g7ymFrlxzo0,–ê–Ω–æ–Ω—Å iPhone 12 // –£–ª—å—Ç–∏–º–∞—Ç—É–º –õ—É–∫–∞—à–µ–Ω–∫–æ // –†—É—Å—Å–∫–∞—è –≠–ø–∏–¥–µ–º–∏—è –Ω–∞ Netflix // –ù–æ–≤—ã–µ –∞–≤—Ç–æ–∑–∞–∫–∏ –≤ –ú–æ—Å–∫–≤–µ,1199513,"GeekBrains, LLC",https://geekbrains.ru/link/8hc2RQ
uxgqxXkykyE,–ß–µ–º –í–°–ï–• –†–ê–ó–û–ó–õ–ò–õ Cyberpunk 2077 // AirPods Max - –ù–∞—É—à–Ω–∏–∫–∏ –º–∏–ª–ª–∏–æ–Ω–µ—Ä–æ–≤ // –°–º–µ—Ä—Ç—å –∫–∏–Ω–æ—Ç–µ–∞—Ç—Ä–æ–≤,1194514,"OBShchESTVO S OGRANIChENOJ OTVETSTVENNOSTYu ""SKILBOKS""",https://clc.to/nWtM5Q
uxgqxXkykyE,–ß–µ–º –í–°–ï–• –†–ê–ó–û–ó–õ–ò–õ Cyberpunk 2077 // AirPods Max - –ù–∞—É—à–Ω–∏–∫–∏ –º–∏–ª–ª–∏–æ–Ω–µ—Ä–æ–≤ // –°–º–µ—Ä—Ç—å –∫–∏–Ω–æ—Ç–µ–∞—Ç—Ä–æ–≤,1194514,Privacy service provided by Withheld for Privacy ehf,https://vk.cc/bVOrx9
8mfN6FFG0_w,–û —á–µ–º –º–æ–ª—á–∞–ª –û–∫—Å–∏–º–∏—Ä–æ–Ω // –ò–ò –≤ —Ç—é—Ä—å–º–∞—Ö –†–æ—Å—Å–∏–∏ // –ö—Ä—ã—Å–∏–Ω—ã–µ –±–µ–≥–∞ // –°–ª–æ–≤–æ 2021 –≥–æ–¥–∞,1193667,usachev.shop,https://usachev.shop/
8mfN6FFG0_w,–û —á–µ–º –º–æ–ª—á–∞–ª –û–∫—Å–∏–º–∏—Ä–æ–Ω // –ò–ò –≤ —Ç—é—Ä—å–º–∞—Ö –†–æ—Å—Å–∏–∏ // –ö—Ä—ã—Å–∏–Ω—ã–µ –±–µ–≥–∞ // –°–ª–æ–≤–æ 2021 –≥–æ–¥–∞,1193667,flowwow.com,http://flowwow.com/s/usachev
w-stfAxYzKw,–ú–∏—Ç–∏–Ω–≥–∏ 21 –∞–ø—Ä–µ–ª—è // –ü—Ä–µ–∑–µ–Ω—Ç–∞—Ü–∏—è APPLE: airTag –∏ iMac // –ö—Ä–∞—Ö –°—É–ø–µ—Ä–ª–∏–≥–∏ // –û–±–µ—â–∞–Ω–∏—è –ü—É—Ç–∏–Ω–∞,1188233,usachev.shop,https://usachev.shop/
w-stfAxYzKw,–ú–∏—Ç–∏–Ω–≥–∏ 21 –∞–ø—Ä–µ–ª—è // –ü—Ä–µ–∑–µ–Ω—Ç–∞—Ü–∏—è APPLE: airTag –∏ iMac // –ö—Ä–∞—Ö –°—É–ø–µ—Ä–ª–∏–≥–∏ // –û–±–µ—â–∞–Ω–∏—è –ü—É—Ç–∏–Ω–∞,1188233,"Skilfektori, LLC",https://clc.am/Lw0-VQ
ZU3XpTIQPEE,–°–ï–ö–†–ï–¢–´ –†–û–°–°–ò–ò ‚Äì –í–õ–ê–î–ò–í–û–°–¢–û–ö / –ü–†–ò–ú–û–†–°–ö–ò–ô –ö–†–ê–ô,1176192,usachev.shop,http://usachev.shop/
ZU3XpTIQPEE,–°–ï–ö–†–ï–¢–´ –†–û–°–°–ò–ò ‚Äì –í–õ–ê–î–ò–í–û–°–¢–û–ö / –ü–†–ò–ú–û–†–°–ö–ò–ô –ö–†–ê–ô,1176192,Go Travel Un Limited (Hong Kong),https://www.aviasales.ru/poravalit
pNgy8kFxM_c,"""–ù–æ–≤–∏—á–æ–∫"" –∏ –ù–∞–≤–∞–ª—å–Ω—ã–π // –ï—Ñ—Ä–µ–º–æ–≤ –ø—Ä–∏–∑–Ω–∞–ª –≤–∏–Ω—É // –ü–æ–ª–µ—Ç –î—ç–≤–∏–¥–∞ –ë–ª—ç–π–Ω–∞ // –†—É—Å—Å–∫–∏–π Netflix // RTX 3080",1173536,Vimbox Limited,https://go.skyeng.ru/ruslan_smartfest
pNgy8kFxM_c,"""–ù–æ–≤–∏—á–æ–∫"" –∏ –ù–∞–≤–∞–ª—å–Ω—ã–π // –ï—Ñ—Ä–µ–º–æ–≤ –ø—Ä–∏–∑–Ω–∞–ª –≤–∏–Ω—É // –ü–æ–ª–µ—Ç –î—ç–≤–∏–¥–∞ –ë–ª—ç–π–Ω–∞ // –†—É—Å—Å–∫–∏–π Netflix // RTX 3080",1173536,klikklak.shop,https://vk.cc/9x8cxQ
XlnyMrVt5oE,–ü–∞–¥–µ–Ω–∏–µ –ù–µ–∫–æ–≥–ª–∞—è // –†–æ–±–æ—Ç –æ—Ç –†–æ—Å–∫–æ—Å–º–æ—Å–∞ // –û—Å–∫–∞—Ä 2022 // –ö—Ä–∞—Ö Meta,1172590,usachev.shop,https://usachev.shop/
XlnyMrVt5oE,–ü–∞–¥–µ–Ω–∏–µ –ù–µ–∫–æ–≥–ª–∞—è // –†–æ–±–æ—Ç –æ—Ç –†–æ—Å–∫–æ—Å–º–æ—Å–∞ // –û—Å–∫–∞—Ä 2022 // –ö—Ä–∞—Ö Meta,1172590,Sony Interactive Entertainment Inc.,https://bit.ly/3uG4O3u
X6kFV9FcKgY,Bad–°omedian –ø–µ—Ä–µ–≤–µ—Ä–Ω—É–ª –∏–≥—Ä—É –ë–∞—Å—Ç—ã // –ò–¢–ú–û –æ–±—Ä—É—à–∏–ª—Å—è,1170918,Contact Privacy Inc. Customer 1243880377,https://www.thispersondoesnotexist.com/
X6kFV9FcKgY,Bad–°omedian –ø–µ—Ä–µ–≤–µ—Ä–Ω—É–ª –∏–≥—Ä—É –ë–∞—Å—Ç—ã // –ò–¢–ú–û –æ–±—Ä—É—à–∏–ª—Å—è,1170918,"Samsung Electronics CO., Ltd",http://bit.ly/2tqPuHi
-bL6KT41N38,–†–µ–∫–æ—Ä–¥ –ò–≥—Ä—ã –≤ –ö–∞–ª—å–º–∞—Ä–∞ // –î–¢–ü –ö—Å–µ–Ω–∏–∏ –°–æ–±—á–∞–∫ // –ö–æ–Ω–µ—Ü –ú—É–∂—Å–∫–æ–≥–æ –ì–æ—Å—É–¥–∞—Ä—Å—Ç–≤–∞// –ü–æ–∫–ª–æ–Ω—Å–∫–∞—è –≤ –∏–∑–≥–Ω–∞–Ω–∏–∏,1167198,usachev.shop,https://usachev.shop/
ooq-7OM-8UI,–†–æ—Å—Å–∏—è–Ω–∏–Ω –≤ –ø–ª–µ–Ω—É —É –ö–∏—Ç–∞—è // –ü–æ—á–µ–º—É –∑–∞–∫—Ä—ã—Ç–∞ –¢—É—Ä—Ü–∏—è? // –õ–µ–ª—É—à –Ω–∞ Produce Camp 2021,1163653,Vimbox Limited,https://go.skyeng.ru/research_usachev
ooq-7OM-8UI,–†–æ—Å—Å–∏—è–Ω–∏–Ω –≤ –ø–ª–µ–Ω—É —É –ö–∏—Ç–∞—è // –ü–æ—á–µ–º—É –∑–∞–∫—Ä—ã—Ç–∞ –¢—É—Ä—Ü–∏—è? // –õ–µ–ª—É—à –Ω–∞ Produce Camp 2021,1163653,klikklak.shop,https://vk.cc/9x8cxQ
N_MAdYRKJkA,–ï–í–†–û–í–ò–î–ï–ù–ò–ï –ë–ï–ó LITTLE BIG // –ú–∞–Ω–∏–∂–∞ - –†—É—Å—Å–∫–∞—è –ñ–µ–Ω—â–∏–Ω–∞ // –†–æ—Å–∫–æ–º–Ω–∞–¥–∑–æ—Ä —Å–ª–æ–º–∞–ª –∏–Ω—Ç–µ—Ä–Ω–µ—Ç,1160276,productlive.io,https://clc.am/6PaUww
N_MAdYRKJkA,–ï–í–†–û–í–ò–î–ï–ù–ò–ï –ë–ï–ó LITTLE BIG // –ú–∞–Ω–∏–∂–∞ - –†—É—Å—Å–∫–∞—è –ñ–µ–Ω—â–∏–Ω–∞ // –†–æ—Å–∫–æ–º–Ω–∞–¥–∑–æ—Ä —Å–ª–æ–º–∞–ª –∏–Ω—Ç–µ—Ä–Ω–µ—Ç,1160276,klikklak.shop,https://vk.cc/9x8cxQ
86qSYnyQqNo,–ï–í–†–û–í–ò–î–ï–ù–ò–ï 2019 ‚Äì –§–ò–ù–ê–õ // –°–µ—Ä–≥–µ–π –õ–∞–∑–∞—Ä–µ–≤ // –•—Ä–∞–º –Ω–∞ –î—Ä–∞–º–µ,1157140,klikklak.shop,https://vk.cc/9pbVQZ
Ma-pnzquZm8,–ê–õ–¢–ê–ô // –ö–∞–∫ —Å–±–µ–∂–∞—Ç—å –æ—Ç 2020 –≥–æ–¥–∞ –≤ –≥–æ—Ä–Ω—ã–π –≥–ª—ç–º–ø–∏–Ω–≥,1156561,usachev.shop,http://usachev.shop/
Ma-pnzquZm8,–ê–õ–¢–ê–ô // –ö–∞–∫ —Å–±–µ–∂–∞—Ç—å –æ—Ç 2020 –≥–æ–¥–∞ –≤ –≥–æ—Ä–Ω—ã–π –≥–ª—ç–º–ø–∏–Ω–≥,1156561,Go Travel Un Limited (Hong Kong),https://www.aviasales.ru/poravalit
GSxhvl4UbIA,–ü–ª–∞–Ω –õ—É–∫–∞—à–µ–Ω–∫–æ // –û—Ç—Ä–∞–≤–ª–µ–Ω–∏–µ –ù–∞–≤–∞–ª—å–Ω–æ–≥–æ // –ù–æ–≤—ã–π –ë—ç—Ç–º–µ–Ω –∏ –¥—Ä—É–≥–∏–µ –∞–Ω–æ–Ω—Å—ã DC // –ö—Ä—É–∏–∑ –ú—É—Å—Ç–∞–π –ö–∞—Ä–∏–º,1153557,"Skilfektori, LLC",https://clc.to/eSFaEA
GSxhvl4UbIA,–ü–ª–∞–Ω –õ—É–∫–∞—à–µ–Ω–∫–æ // –û—Ç—Ä–∞–≤–ª–µ–Ω–∏–µ –ù–∞–≤–∞–ª—å–Ω–æ–≥–æ // –ù–æ–≤—ã–π –ë—ç—Ç–º–µ–Ω –∏ –¥—Ä—É–≥–∏–µ –∞–Ω–æ–Ω—Å—ã DC // –ö—Ä—É–∏–∑ –ú—É—Å—Ç–∞–π –ö–∞—Ä–∏–º,1153557,klikklak.shop,https://vk.cc/9x8cxQ
YBtU79dZU1I,–ï–¥–∞ —Ç–æ–ª—å–∫–æ –¥–ª—è –ø—Ä–∏–≤–∏—Ç—ã—Ö // –°—Ç—ã–¥–Ω–µ–π—à–∏–π —Ç–∏–∫—Ç–æ–∫–µ—Ä // –ú—É–∑—ã–∫–∞ –≤ Instagram // –ü—Ä–µ–∑–µ–Ω—Ç–∞—Ü–∏—è Windows 11,1152365,usachev.shop,https://usachev.shop/
YBtU79dZU1I,–ï–¥–∞ —Ç–æ–ª—å–∫–æ –¥–ª—è –ø—Ä–∏–≤–∏—Ç—ã—Ö // –°—Ç—ã–¥–Ω–µ–π—à–∏–π —Ç–∏–∫—Ç–æ–∫–µ—Ä // –ú—É–∑—ã–∫–∞ –≤ Instagram // –ü—Ä–µ–∑–µ–Ω—Ç–∞—Ü–∏—è Windows 11,1152365,"OOO ""MVM""",https://bit.ly/3d7lCH9
vwNFOXaFqBU,–ú–£–°–û–†–ù–ê–Ø –°–¢–û–õ–ò–¶–ê –ï–í–†–û–ü–´ [–ü–æ—Ä–∞ –≤–∞–ª–∏—Ç—å –ù–µ–∞–ø–æ–ª—å],1150214,viasales.ru,https://aviasales.ru
vwNFOXaFqBU,–ú–£–°–û–†–ù–ê–Ø –°–¢–û–õ–ò–¶–ê –ï–í–†–û–ü–´ [–ü–æ—Ä–∞ –≤–∞–ª–∏—Ç—å –ù–µ–∞–ø–æ–ª—å],1150214,usachev.shop,https://usachev.shop/
Qy5EBo1viUc,"–í—Ä–µ–¥–Ω–æ–µ –ö–∏–Ω–æ - –ö–æ–ª–æ–±–∞–Ω–≥–∞. –ü—Ä–∏–≤–µ—Ç, –ò–Ω—Ç–µ—Ä–Ω–µ—Ç!",1148184,klikklak.shop,https://vk.cc/9x8cxQ
TIt6vR9pif4,–ü–æ–π–º–∞—Ç—å –ü–∏–∫–∞—á—É –≤ Pokemon Go –∏ –ø–æ–¥–∫—É–ø Pewdiepie,1137357,"Domains By Proxy, LLC",https://goo.gl/OnTLRn
TIt6vR9pif4,–ü–æ–π–º–∞—Ç—å –ü–∏–∫–∞—á—É –≤ Pokemon Go –∏ –ø–æ–¥–∫—É–ø Pewdiepie,1137357,ANO Hero Race,http://heroleague.ru/
WUIDWuGAdT0,–ë–∞–π–¥–µ–Ω –ø—Ä–æ—Ç–∏–≤ –ü—É—Ç–∏–Ω–∞ // –ï–≤—Ä–æ–ø–∞ –ø—Ä–µ–∫—Ä–∞—â–∞–µ—Ç –≤–∞–∫—Ü–∏–Ω–∞—Ü–∏—é // –ë–ª–æ–∫–∏—Ä–æ–≤–∫–∞ —Å–æ—Ü—Å–µ—Ç–µ–π –≤ –†–æ—Å—Å–∏–∏,1133191,Rarible,https://vk.cc/bZPAio
WUIDWuGAdT0,–ë–∞–π–¥–µ–Ω –ø—Ä–æ—Ç–∏–≤ –ü—É—Ç–∏–Ω–∞ // –ï–≤—Ä–æ–ø–∞ –ø—Ä–µ–∫—Ä–∞—â–∞–µ—Ç –≤–∞–∫—Ü–∏–Ω–∞—Ü–∏—é // –ë–ª–æ–∫–∏—Ä–æ–≤–∫–∞ —Å–æ—Ü—Å–µ—Ç–µ–π –≤ –†–æ—Å—Å–∏–∏,1133191,JOINT-STOCK COMPANY ALFA-BANK,https://alfa.me/rus-we
WUIDWuGAdT0,–ë–∞–π–¥–µ–Ω –ø—Ä–æ—Ç–∏–≤ –ü—É—Ç–∏–Ω–∞ // –ï–≤—Ä–æ–ø–∞ –ø—Ä–µ–∫—Ä–∞—â–∞–µ—Ç –≤–∞–∫—Ü–∏–Ω–∞—Ü–∏—é // –ë–ª–æ–∫–∏—Ä–æ–≤–∫–∞ —Å–æ—Ü—Å–µ—Ç–µ–π –≤ –†–æ—Å—Å–∏–∏,1133191,klikklak.shop,https://vk.cc/9x8cxQ
o2BvGlFAQrc,–ö—Ä–∞—Å–æ—Ç–∞ –∏ –£—Ä–æ–¥—Å—Ç–≤–æ // –®—Ç—Ä–∞—Ñ—ã –Ω–µ–ø—Ä–∏–≤–∏—Ç—ã–º // –û–ú–ò–ö–†–û–ù - –Ω–æ–≤—ã–π –≤–∞—Ä–∏–∞–Ω—Ç COVID-19 // –ü–∏—Å—å–º–æ –•–æ–≤–∞–Ω—Å–∫–æ–≥–æ,1131370,"""Trade House ""PEREKRESTOK"", Joint Stock Company",https://app.perekrestok.ru/AEfu/d4c025a4
o2BvGlFAQrc,–ö—Ä–∞—Å–æ—Ç–∞ –∏ –£—Ä–æ–¥—Å—Ç–≤–æ // –®—Ç—Ä–∞—Ñ—ã –Ω–µ–ø—Ä–∏–≤–∏—Ç—ã–º // –û–ú–ò–ö–†–û–ù - –Ω–æ–≤—ã–π –≤–∞—Ä–∏–∞–Ω—Ç COVID-19 // –ü–∏—Å—å–º–æ –•–æ–≤–∞–Ω—Å–∫–æ–≥–æ,1131370,usachev.shop,https://usachev.shop/
KGlodKqDaKY,–ó–∞ —á—Ç–æ –≤—ã —Ç–∞–∫ —Å–æ –º–Ω–æ–π?,1127220,LENOVO PC HK LIMITED,https://goo.gl/12397H
jpUfnniX46g,–ò–î–ò–û–¢–°–ö–ò–ï –ó–ê–ö–û–ù–´ –í –†–û–°–°–ò–ò // –ü–û–î–í–ò–ì–ò –õ–£–ö–ê–®–ï–ù–ö–û // –õ—É—á—à–∞—è –≤–∞–∫—Ü–∏–Ω–∞ –æ—Ç COVID-19 //–ù–æ–≤—ã–π –ì–æ–¥ –±–µ–∑ –û–≥–æ–Ω—å–∫–∞,1126675,JOINT-STOCK COMPANY ALFA-BANK,https://alfa.link/Phpa
c0NQrDDf0kc,–ù–∞–≤–∞–ª—å–Ω—ã–π –≤ —Ç—é—Ä—å–º–µ // –ë–∏–ª–µ—Ç –≤ –∫–æ—Å–º–æ—Å –æ—Ç SpaceX // –¢—É–∞–ª–µ—Ç –¥–∏–∫—Ç–∞—Ç–æ—Ä–∞ –∑–∞ $15000,1121183,usachev.shop,http://usachev.shop/
c0NQrDDf0kc,–ù–∞–≤–∞–ª—å–Ω—ã–π –≤ —Ç—é—Ä—å–º–µ // –ë–∏–ª–µ—Ç –≤ –∫–æ—Å–º–æ—Å –æ—Ç SpaceX // –¢—É–∞–ª–µ—Ç –¥–∏–∫—Ç–∞—Ç–æ—Ä–∞ –∑–∞ $15000,1121183,"Skilfektori, LLC",https://clc.am/tsBTiw
ILEEgWZy8_A,–ö–∞–∫ –î—É—Ä–æ–≤ —Ä–∞–∑–±–ª–æ–∫–∏—Ä–æ–≤–∞–ª Telegram // –°–ª–µ–∂–∫–∞ –≤ —Ä–æ—Å—Å–∏–π—Å–∫–∏—Ö —à–∫–æ–ª–∞—Ö // –õ–µ–∫–∞—Ä—Å—Ç–≤–æ –æ—Ç –ö–æ—Ä–æ–Ω–∞–≤–∏—Ä—É—Å–∞,1120206,Sony Interactive Entertainment Inc.,https://vk.cc/aw1c5d
ILEEgWZy8_A,–ö–∞–∫ –î—É—Ä–æ–≤ —Ä–∞–∑–±–ª–æ–∫–∏—Ä–æ–≤–∞–ª Telegram // –°–ª–µ–∂–∫–∞ –≤ —Ä–æ—Å—Å–∏–π—Å–∫–∏—Ö —à–∫–æ–ª–∞—Ö // –õ–µ–∫–∞—Ä—Å—Ç–≤–æ –æ—Ç –ö–æ—Ä–æ–Ω–∞–≤–∏—Ä—É—Å–∞,1120206,klikklak.shop,https://vk.cc/9x8cxQ
WtV2HcgdDpU,–ó–≤–æ–Ω–æ–∫ –ù–∞–≤–∞–ª—å–Ω–æ–≥–æ // –ë–µ–ª–∞—Ä—É—Å—å –Ω–µ —Å–¥–∞–µ—Ç—Å—è // –†–æ—Å–∫–æ—Å–º–æ—Å –ø—Ä–æ—Ç–∏–≤ NASA –∏ –¥—Ä—É–≥–∏–µ –ø—Ä–∏—á–∏–Ω—ã –æ–±–æ–∂–∞—Ç—å 2020 –≥–æ–¥,1117791,YANDEX LLC,https://ya.cc/t/lT5OxzTxGSeEL
WtV2HcgdDpU,–ó–≤–æ–Ω–æ–∫ –ù–∞–≤–∞–ª—å–Ω–æ–≥–æ // –ë–µ–ª–∞—Ä—É—Å—å –Ω–µ —Å–¥–∞–µ—Ç—Å—è // –†–æ—Å–∫–æ—Å–º–æ—Å –ø—Ä–æ—Ç–∏–≤ NASA –∏ –¥—Ä—É–≥–∏–µ –ø—Ä–∏—á–∏–Ω—ã –æ–±–æ–∂–∞—Ç—å 2020 –≥–æ–¥,1117791,usachev.shop,https://usachev.shop
03a8X2B1D_k,–õ–ï–î–Ø–ù–û–ô –®–¢–û–†–ú –Ω–∞ –í–æ—Å—Ç–æ–∫–µ –†–æ—Å—Å–∏–∏ //–¢–ê–ô–ù–ê–Ø –î–û–ß–¨ –ü–£–¢–ò–ù–ê // –û–¢–ú–ï–ù–ê Galaxy NOTE // –¶–µ–Ω–∞ –≤–∞–∫—Ü–∏–Ω—ã,1110577,"Skilfektori, LLC",https://clc.to/Zl37Xg
LGenFWzdvsY,–ú–æ—Ä–≥–µ–Ω—à—Ç–µ—Ä–Ω –ø–æ–∫–æ—Ä—è–µ—Ç –ó–∞–ø–∞–¥ (–∏–ª–∏ –Ω–µ—Ç) // –¢–∞–π–Ω–∞—è –≤–∞–∫—Ü–∏–Ω–∞—Ü–∏—è –ü—É—Ç–∏–Ω–∞ // –ú–∏—Ç–∏–Ω–≥–∏ –∑–∞ –°–≤–æ–±–æ–¥—É –ù–∞–≤–∞–ª—å–Ω–æ–≥–æ,1102263,"Skilfektori, LLC",https://clc.am/RrUvKg
LGenFWzdvsY,–ú–æ—Ä–≥–µ–Ω—à—Ç–µ—Ä–Ω –ø–æ–∫–æ—Ä—è–µ—Ç –ó–∞–ø–∞–¥ (–∏–ª–∏ –Ω–µ—Ç) // –¢–∞–π–Ω–∞—è –≤–∞–∫—Ü–∏–Ω–∞—Ü–∏—è –ü—É—Ç–∏–Ω–∞ // –ú–∏—Ç–∏–Ω–≥–∏ –∑–∞ –°–≤–æ–±–æ–¥—É –ù–∞–≤–∞–ª—å–Ω–æ–≥–æ,1102263,klikklak.shop,https://vk.cc/9x8cxQ
TgYsZ9O4EQI,–î–¢–ü –ú–∏—Ö–∞–∏–ª–∞ –ï—Ñ—Ä–µ–º–æ–≤–∞ // –†–æ—Å—Å–∏—è –±–µ–∑ –∫–æ—Ä–æ–Ω–∞–≤–∏—Ä—É—Å–∞ // –ù–µ—Ç–æ–ª–µ—Ä–∞–Ω—Ç–Ω–∞—è –Ω–µ–π—Ä–æ—Å–µ—Ç—å,1101287,"Huawei Technologies Co., Ltd.",https://bit.ly/2XxjukA
TgYsZ9O4EQI,–î–¢–ü –ú–∏—Ö–∞–∏–ª–∞ –ï—Ñ—Ä–µ–º–æ–≤–∞ // –†–æ—Å—Å–∏—è –±–µ–∑ –∫–æ—Ä–æ–Ω–∞–≤–∏—Ä—É—Å–∞ // –ù–µ—Ç–æ–ª–µ—Ä–∞–Ω—Ç–Ω–∞—è –Ω–µ–π—Ä–æ—Å–µ—Ç—å,1101287,klikklak.shop,https://vk.cc/9x8cxQ
GooSrYVxuoI,–ó–∞–ø—Ä–µ—Ç –º–∞—Ç–∞ –≤ –†–æ—Å—Å–∏–∏ // –ú–∏—Ç–∏–Ω–≥–∏ –ø–æ –≤—Å–µ–π —Å—Ç—Ä–∞–Ω–µ // –°—É–¥ –ù–∞–≤–∞–ª—å–Ω–æ–≥–æ // –†–µ–≤–æ–ª—é—Ü–∏—è –Ω–∞ —Ñ–æ–Ω–¥–æ–≤–æ–º —Ä—ã–Ω–∫–µ –°–®–ê,1099833,usachev.shop,https://usachev.shop/
arIxgyOrSLc,–°–µ–∫—Ä–µ—Ç –ë–∏–ª–ª–∏ –ê–π–ª–∏—à // –ü—Ä–æ—â–∞–Ω–∏–µ —Å –ë.–Æ. –ê–ª–µ–∫—Å–∞–Ω–¥—Ä–æ–≤ // –û–ø–∞—Å–Ω—ã–π –∫–æ–Ω—Ü–µ—Ä—Ç –ë–∞—Å—Ç—ã // –î–æ–ø—Ä–æ—Å –≤–µ—Ç–µ—Ä–∞–Ω–æ–≤ –í–æ–í,1089544,"YANDEX, LLC.",https://help.yandex.ru/roundup
k8x2HX_heY4,–ü—Ä–æ–≤–∞–ª –ü–∞–≤–ª–∞ –î—É—Ä–æ–≤–∞ // –ú–∞—Å–æ—á–Ω—ã–π —Ä–µ–∂–∏–º // –ì—Ä–∞—Ñ–∏–∫–∞ Playstation 5,1082327,klikklak.shop,https://vk.cc/9x8cxQ
AnuBJAHGUfE,–ß—Ç–æ –Ω–µ —Ä–∞—Å—Å–∫–∞–∑–∞–ª–∏ –ø—Ä–æ PS5 // –ò–∑–≤–∏–Ω–µ–Ω–∏—è –ï—Ñ—Ä–µ–º–æ–≤–∞ // –°–±–µ—Ä–±–∞–Ω–∫ –∫—É–ø–∏–ª 2–ì–ò–°,1081560,Notion,https://bit.ly/usachevshownotion
AnuBJAHGUfE,–ß—Ç–æ –Ω–µ —Ä–∞—Å—Å–∫–∞–∑–∞–ª–∏ –ø—Ä–æ PS5 // –ò–∑–≤–∏–Ω–µ–Ω–∏—è –ï—Ñ—Ä–µ–º–æ–≤–∞ // –°–±–µ—Ä–±–∞–Ω–∫ –∫—É–ø–∏–ª 2–ì–ò–°,1081560,klikklak.shop,https://vk.cc/9x8cxQ
vh1d-HI2qGo,–¢–∏–º–∞—Ç–∏ –∏ BlackStar –ø—Ä–æ—Ç–∏–≤ –§—ç–π—Å–∞ // –î–∂–æ–∫–µ—Ä 2019 // –ê–Ω–æ–Ω—Å PS5,1080943,"OBShchESTVO S OGRANIChENOJ OTVETSTVENNOSTYu ""SKILBOKS""",https://clc.to/nyRBzQ
vh1d-HI2qGo,–¢–∏–º–∞—Ç–∏ –∏ BlackStar –ø—Ä–æ—Ç–∏–≤ –§—ç–π—Å–∞ // –î–∂–æ–∫–µ—Ä 2019 // –ê–Ω–æ–Ω—Å PS5,1080943,klikklak.shop,https://vk.cc/9x8cxQ
8ZTu1mwj7S0,–ó–∞—á–µ–º —Å–∫—Ä—ã–≤–∞—é—Ç —Ç–µ—Ä–∞–∫—Ç –≤ –°—É—Ä–≥—É—Ç–µ,1075543,LRC Products Limited,https://goo.gl/oDoy5v
fa2S675sd3I,–ö—Ä–∞—Ö —ç–∫–æ–Ω–æ–º–∏–∫–∏ –†–æ—Å—Å–∏–∏ // –£—Ç–µ—á–∫–∞ –¥–∞–Ω–Ω—ã—Ö –Ø–Ω–¥–µ–∫—Å –ï–¥—ã // –ö–∞–∫–æ–π VPN –≤—ã–±—Ä–∞—Ç—å?,1075373,usachev.shop,https://usachev.shop/
fa2S675sd3I,–ö—Ä–∞—Ö —ç–∫–æ–Ω–æ–º–∏–∫–∏ –†–æ—Å—Å–∏–∏ // –£—Ç–µ—á–∫–∞ –¥–∞–Ω–Ω—ã—Ö –Ø–Ω–¥–µ–∫—Å –ï–¥—ã // –ö–∞–∫–æ–π VPN –≤—ã–±—Ä–∞—Ç—å?,1075373,NameBrightPrivacy.com,https://surfshark.deals/USACHEV
JMFu3jAuqH4,–ù–∞—à–ª–∏ –ï–©–ï –û–î–ò–ù –¥–æ–º –ü—É—Ç–∏–Ω–∞ // –ö–£–†–û–†–¢ - –¢–Æ–†–¨–ú–ê //–ì–Ω–æ–π–Ω—ã–π –≤ —Å—É–¥–µ // –ö–∞—Å—Ç–∏–Ω–≥ Last Of Us –∏ –ú–∞–Ω–¥–∞–ª–æ—Ä—Ü–∞,1068057,"YANDEX, LLC.",https://ya.cc/t/FyiAB7rJL37Wt
JMFu3jAuqH4,–ù–∞—à–ª–∏ –ï–©–ï –û–î–ò–ù –¥–æ–º –ü—É—Ç–∏–Ω–∞ // –ö–£–†–û–†–¢ - –¢–Æ–†–¨–ú–ê //–ì–Ω–æ–π–Ω—ã–π –≤ —Å—É–¥–µ // –ö–∞—Å—Ç–∏–Ω–≥ Last Of Us –∏ –ú–∞–Ω–¥–∞–ª–æ—Ä—Ü–∞,1068057,klikklak.shop,https://vk.cc/9x8cxQ
VMneKm15nNM,–°–∞–±–æ—Ç–∞–∂ –Ω–∞ –ü–µ—Ä–≤–æ–º –ö–∞–Ω–∞–ª–µ // –ñ–∏–∑–Ω—å –±–µ–∑ –∏–Ω—Å—Ç–∞–≥—Ä–∞–º–∞ // –û—Ç–º–µ–Ω–∞ –º–∞—Å–æ–∫ –≤ –†–æ—Å—Å–∏–∏,1065187,usachev.shop,https://usachev.shop/
VMneKm15nNM,–°–∞–±–æ—Ç–∞–∂ –Ω–∞ –ü–µ—Ä–≤–æ–º –ö–∞–Ω–∞–ª–µ // –ñ–∏–∑–Ω—å –±–µ–∑ –∏–Ω—Å—Ç–∞–≥—Ä–∞–º–∞ // –û—Ç–º–µ–Ω–∞ –º–∞—Å–æ–∫ –≤ –†–æ—Å—Å–∏–∏,1065187,"Skilfektori, LLC",https://clc.to/8D6zoA
N2vDmApRuis,–õ—É–∫–∞—à–µ–Ω–∫–æ —É–≥–Ω–∞–ª —Å–∞–º–æ–ª–µ—Ç // –ó–∞–∫–æ–Ω –ø—Ä–æ—Ç–∏–≤ –§–ë–ö //–ù–æ–≤—ã–π –Ω–µ–±–æ—Å–∫—Ä–µ–± –ì–∞–∑–ø—Ä–æ–º // –ü—Ä–æ—Ç–∞—Å–µ–≤–∏—á –∑–∞–¥–µ—Ä–∂–∞–Ω –ö–ì–ë,1064782,usachev.shop,https://usachev.shop/
N2vDmApRuis,–õ—É–∫–∞—à–µ–Ω–∫–æ —É–≥–Ω–∞–ª —Å–∞–º–æ–ª–µ—Ç // –ó–∞–∫–æ–Ω –ø—Ä–æ—Ç–∏–≤ –§–ë–ö //–ù–æ–≤—ã–π –Ω–µ–±–æ—Å–∫—Ä–µ–± –ì–∞–∑–ø—Ä–æ–º // –ü—Ä–æ—Ç–∞—Å–µ–≤–∏—á –∑–∞–¥–µ—Ä–∂–∞–Ω –ö–ì–ë,1064782,JOINT-STOCK COMPANY ALFA-BANK,https://adirect.onelink.me/8NPE/6ff5733
wqOaDjuKK5w,–ü–æ—Ä–∞ –í–∞–ª–∏—Ç—å –≤ –ü–∞—Ä–∏–∂!,1064386,Go Travel Un Limited (Hong Kong),https://hotellook.ru
wqOaDjuKK5w,–ü–æ—Ä–∞ –í–∞–ª–∏—Ç—å –≤ –ü–∞—Ä–∏–∂!,1064386,Go Travel Un Limited (Hong Kong),http://www.aviasales.ru
6bAqf-zzQ6o,–†—É—Å–ª–∞–Ω –£—Å–∞—á–µ–≤ —Å–±–µ–∂–∞–ª –≤ –ß–µ—á–Ω—é,1062717,klikklak.shop,https://vk.cc/9x8cxQ
EiBJhKSLY54,–ü–æ—Ä–∞ –í–∞–ª–∏—Ç—å –≤ –ë–µ–ª–≥—Ä–∞–¥!,1057878,AO Tinkoff Bank,tinkoff.ru
eB-yL2qnZc4,–°–æ–ª–æ–≤—å–µ–≤ –ø—Ä–æ—Ç–∏–≤ –ö–ª–∞–±—Ö–∞—É—Å–∞ // –õ–∏—Ü–µ–Ω–∑–∏–æ–Ω–Ω—ã–π –ì–Ω–æ–º –ì–Ω–æ–º—ã—á // –ù–æ–≤—ã–π –ú–æ—Ä—Ç–∞–ª –ö–æ–º–±–∞—Ç (2021),1054817,JOINT-STOCK COMPANY ALFA-BANK,https://alfa.link/GePpgQ
eB-yL2qnZc4,–°–æ–ª–æ–≤—å–µ–≤ –ø—Ä–æ—Ç–∏–≤ –ö–ª–∞–±—Ö–∞—É—Å–∞ // –õ–∏—Ü–µ–Ω–∑–∏–æ–Ω–Ω—ã–π –ì–Ω–æ–º –ì–Ω–æ–º—ã—á // –ù–æ–≤—ã–π –ú–æ—Ä—Ç–∞–ª –ö–æ–º–±–∞—Ç (2021),1054817,klikklak.shop,https://vk.cc/9x8cxQ
Ug7v5MxWdS4,–ß—Ç–æ –±—É–¥–µ—Ç –¥–∞–ª—å—à–µ?,1052760,usachev.shop,https://usachev.shop/
Ogjhax5HM50,–ü–æ—á–µ–º—É –õ–∞—Ä–∏–Ω –ø–æ–±–µ–¥–∏–ª –Ω–∞ –í–µ—Ä—Å—É—Å–µ / –ó–∞–¥–µ—Ä–∂–∞–Ω–∏–µ —Ç–µ—Ä—Ä–æ—Ä–∏—Å—Ç–∞,1051438,"""Kinopoisk"", LLC",https://www.kinopoisk.ru/film/804697/
AcPDWPj9feM,–û—Ç–º–µ–Ω–∞ –í–∫—É—Å–í–∏–ª–ª // –ü—Ä–∏–∑–Ω–∞–Ω–∏–µ C–ø—É—Ç–Ω–∏–∫ V // –ó–≤–µ–∑–¥–Ω—ã–µ –í–æ–π–Ω—ã —Ç–µ–ø–µ—Ä—å –∞–Ω–∏–º–µ // Nintendo Swich OLED,1045886,usachev.shop,https://usachev.shop/
ESSN-CTmbxk,–†–æ—Å—Å–∏—è –ø—Ä–æ—Ç–∏–≤ –ù–ê–¢–û // –ß–µ—á–µ–Ω—Å–∫–∏–µ —É–≥—Ä–æ–∑—ã // –ü–µ—Ä–º—Å–∫–∏–π —Ç–µ—Ä–º–∏–Ω–∞—Ç–æ—Ä,1035716,usachev.shop,https://usachev.shop/
ESSN-CTmbxk,–†–æ—Å—Å–∏—è –ø—Ä–æ—Ç–∏–≤ –ù–ê–¢–û // –ß–µ—á–µ–Ω—Å–∫–∏–µ —É–≥—Ä–æ–∑—ã // –ü–µ—Ä–º—Å–∫–∏–π —Ç–µ—Ä–º–∏–Ω–∞—Ç–æ—Ä,1035716,Gaijin Network LTD,https://wtplay.link/usachev
-7eCdqloQbw,–û–±—è–∑–∞—Ç–µ–ª—å–Ω–∞—è –≤–∞–∫—Ü–∏–Ω–∞—Ü–∏—è // –ó–∞–ø—Ä–µ—Ç K-POP // –†–æ—Å—Å–∏—è VS –°–®–ê - –ü—É—Ç–∏–Ω –∏ –ë–∞–π–¥–µ–Ω –≤—Å—Ç—Ä–µ—Ç–∏–ª–∏—Å—å // –ï–≤—Ä–æ 2020,1033213,usachev.shop,https://usachev.shop/
-7eCdqloQbw,–û–±—è–∑–∞—Ç–µ–ª—å–Ω–∞—è –≤–∞–∫—Ü–∏–Ω–∞—Ü–∏—è // –ó–∞–ø—Ä–µ—Ç K-POP // –†–æ—Å—Å–∏—è VS –°–®–ê - –ü—É—Ç–∏–Ω –∏ –ë–∞–π–¥–µ–Ω –≤—Å—Ç—Ä–µ—Ç–∏–ª–∏—Å—å // –ï–≤—Ä–æ 2020,1033213,JOINT-STOCK COMPANY ALFA-BANK,https://alfa.link/YqRd3w
P99WrQfHonw,–°—É–¥ –Ω–∞–¥ –î—É—Ä–æ–≤—ã–º // –≠–≤–æ–ª—é—Ü–∏—è –ë–∏–ª–ª–∏ –ê–π–ª–∏—à,1032936,klikklak.shop,https://vk.cc/9x8cxQ
jNBhl78SqIU,–û—Ö–æ—Ç–∞ –Ω–∞ –ú–æ—Ä–≥–µ–Ω—à—Ç–µ—Ä–Ω–∞ // –û—Ç–º–µ–Ω–∞ –ï–ì–≠ // –ö–∞–∑–Ω—å –∑–∞ –ò–≥—Ä—É –≤ –ö–∞–ª—å–º–∞—Ä–∞ // –ë–∏—Ç–∫–æ–∏–Ω –°–∏—Ç–∏,1031766,usachev.shop,https://usachev.shop/
P8ohv7mf7gQ,"–ó–∞–ø—Ä–µ—â–µ–Ω–Ω—ã–π –≤–î—É–¥—å, –ß–∏–ø—Å—ã BlackStar –∏ —Å—é—Ä–ø—Ä–∏–∑—ã Huawei P30 Pro",1027197,Huawei Technologies Co. Ltd (China),https://bit.ly/2HIwf5d
P8ohv7mf7gQ,"–ó–∞–ø—Ä–µ—â–µ–Ω–Ω—ã–π –≤–î—É–¥—å, –ß–∏–ø—Å—ã BlackStar –∏ —Å—é—Ä–ø—Ä–∏–∑—ã Huawei P30 Pro",1027197,dlr-probandensuche.de,https://dlr-probandensuche.de/
hckflaGmwkY,–¢—Ä–µ—Ç—å—è –í–æ–ª–Ω–∞ Covid-19 // –ö–∞–∫ —Å–ø–∞—Å—Ç–∏ –ú–µ–¥—É–∑—É // #–õ–µ–ª—É—à–ù–∞–í–ö–§–ï–°–¢,1021038,OOO TAUKONSALT,https://bit.ly/2QxLUuf
hckflaGmwkY,–¢—Ä–µ—Ç—å—è –í–æ–ª–Ω–∞ Covid-19 // –ö–∞–∫ —Å–ø–∞—Å—Ç–∏ –ú–µ–¥—É–∑—É // #–õ–µ–ª—É—à–ù–∞–í–ö–§–ï–°–¢,1021038,"EarthCam, Inc",https://vk.cc/c1tAwX
hckflaGmwkY,–¢—Ä–µ—Ç—å—è –í–æ–ª–Ω–∞ Covid-19 // –ö–∞–∫ —Å–ø–∞—Å—Ç–∏ –ú–µ–¥—É–∑—É // #–õ–µ–ª—É—à–ù–∞–í–ö–§–ï–°–¢,1021038,klikklak.shop,https://vk.cc/9x8cxQ
0TEV1Y0VVAg,–°—Ä–æ–∫ –∑–∞ —à—É—Ç–∫—É –ø—Ä–æ —Ä—É—Å—Å–∫–∏—Ö // –ù–æ–≤–∞—è —Å—Ç–∞—Ç—å—è –ù–∞–≤–∞–ª—å–Ω–æ–≥–æ // –ö–∏—Ç–∞–π—Å–∫–∏–π —Ä–æ–±–æ—Ç-—Å–æ–±–∞–∫–∞ // –û—Ç—Ä—è–¥ –°–∞–º–æ—É–±–∏–π—Ü,1020429,"Netologiya, LLC",https://netolo.gy/gVm
0TEV1Y0VVAg,–°—Ä–æ–∫ –∑–∞ —à—É—Ç–∫—É –ø—Ä–æ —Ä—É—Å—Å–∫–∏—Ö // –ù–æ–≤–∞—è —Å—Ç–∞—Ç—å—è –ù–∞–≤–∞–ª—å–Ω–æ–≥–æ // –ö–∏—Ç–∞–π—Å–∫–∏–π —Ä–æ–±–æ—Ç-—Å–æ–±–∞–∫–∞ // –û—Ç—Ä—è–¥ –°–∞–º–æ—É–±–∏–π—Ü,1020429,usachev.shop,https://usachev.shop/
iTDPN4oUICI,–ò–Ω—Å—Ç–∞–≥—Ä–∞–º –∏ –¢–µ–ª–µ–≥—Ä–∞–º –±—É–¥—É—Ç –ø–ª–∞—Ç–Ω—ã–º–∏? // –ë–µ–∂–µ–Ω—Ü—ã –õ—É–∫–∞—à–µ–Ω–∫–æ // –°—Ç–∞—Ç—å—è –¥–ª—è –¥–µ–ø—É—Ç–∞—Ç–∞ –ù–∞–ª–∏–≤–∫–∏–Ω–∞,1018013,usachev.shop,https://usachev.shop/
iTDPN4oUICI,–ò–Ω—Å—Ç–∞–≥—Ä–∞–º –∏ –¢–µ–ª–µ–≥—Ä–∞–º –±—É–¥—É—Ç –ø–ª–∞—Ç–Ω—ã–º–∏? // –ë–µ–∂–µ–Ω—Ü—ã –õ—É–∫–∞—à–µ–Ω–∫–æ // –°—Ç–∞—Ç—å—è –¥–ª—è –¥–µ–ø—É—Ç–∞—Ç–∞ –ù–∞–ª–∏–≤–∫–∏–Ω–∞,1018013,JOINT-STOCK COMPANY ALFA-BANK,https://alfa.link/Yen7Mg
tkcQujNQbC8,–ú–Ω–µ –ø–∏—à–µ—Ç –î–æ–Ω–∞–ª—å–¥ –¢—Ä–∞–º–ø. –ü–û–ú–û–ì–ò–¢–ï!,1016484,klikklak.shop,https://vk.cc/9x8cxQ
p8Y4X2oWYGg,–†–æ—Å—Å–∏—è –ª–µ—Ç–∏—Ç –Ω–∞ –õ—É–Ω—É // –ü—É—Ç–∏–Ω –ø—Ä–æ—Ç–∏–≤ —Ö–æ—Ä—å–∫–æ–≤ // –ü—Ä–æ–≤–∞–ª –ò–ª–æ–Ω–∞ –ú–∞—Å–∫–∞ // NFT - –±—É–¥—É—â–µ–µ –∏—Å–∫—É—Å—Å—Ç–≤–∞,1015740,usachev.shop,http://usachev.shop/
p8Y4X2oWYGg,–†–æ—Å—Å–∏—è –ª–µ—Ç–∏—Ç –Ω–∞ –õ—É–Ω—É // –ü—É—Ç–∏–Ω –ø—Ä–æ—Ç–∏–≤ —Ö–æ—Ä—å–∫–æ–≤ // –ü—Ä–æ–≤–∞–ª –ò–ª–æ–Ω–∞ –ú–∞—Å–∫–∞ // NFT - –±—É–¥—É—â–µ–µ –∏—Å–∫—É—Å—Å—Ç–≤–∞,1015740,"YANDEX, LLC.",https://ya.cc/t/34j0qkbGN3Fdq
VlZjKnAUsFU,–ú–æ—Ä–≥–µ–Ω—à—Ç–µ—Ä–Ω —Ä–∞–∑–æ–∑–ª–∏–ª –≤–µ—Ç–µ—Ä–∞–Ω–æ–≤ // –û—Ç—á–∏—Å–ª–µ–Ω–∏–µ –∑–∞ –ª–∞–π–∫ //–ü–æ–±–µ–≥ –∏–∑ –ò—Ç–∞–ª–∏–∏// –ù–µ—Ä–∞–±–æ—á–∏–µ –¥–Ω–∏ –≤ –†–æ—Å—Å–∏–∏,1013532,usachev.shop,https://usachev.shop/
VlZjKnAUsFU,–ú–æ—Ä–≥–µ–Ω—à—Ç–µ—Ä–Ω —Ä–∞–∑–æ–∑–ª–∏–ª –≤–µ—Ç–µ—Ä–∞–Ω–æ–≤ // –û—Ç—á–∏—Å–ª–µ–Ω–∏–µ –∑–∞ –ª–∞–π–∫ //–ü–æ–±–µ–≥ –∏–∑ –ò—Ç–∞–ª–∏–∏// –ù–µ—Ä–∞–±–æ—á–∏–µ –¥–Ω–∏ –≤ –†–æ—Å—Å–∏–∏,1013532,"YANDEX, LLC.",https://ya.cc/t/mnjAIO_LupeJb
ogTU0zApbnk,–ó–ê –ß–¢–û –ï–©–ï –•–û–¢–Ø–¢ –°–ê–ñ–ê–¢–¨ –í –†–û–°–°–ò–ò // –¢—Ä–∞–≥–µ–¥–∏—è –≤ –ö–µ–º–µ—Ä–æ–≤–æ // Daft Punk —Ä–∞—Å–ø–∞–ª–∏—Å—å // –ö–∞–∫ –∑–≤—É—á–∏—Ç –ú–∞—Ä—Å,1011977,usachev.shop,https://usachev.shop/
ogTU0zApbnk,–ó–ê –ß–¢–û –ï–©–ï –•–û–¢–Ø–¢ –°–ê–ñ–ê–¢–¨ –í –†–û–°–°–ò–ò // –¢—Ä–∞–≥–µ–¥–∏—è –≤ –ö–µ–º–µ—Ä–æ–≤–æ // Daft Punk —Ä–∞—Å–ø–∞–ª–∏—Å—å // –ö–∞–∫ –∑–≤—É—á–∏—Ç –ú–∞—Ä—Å,1011977,Sony Interactive Entertainment Inc.,https://vk.cc/bYWfzo
V4G02RknGdY,–î–µ–ø—É—Ç–∞—Ç –®–Ω—É—Ä–æ–≤ // –†–æ—Å—Å–∏—è –±–µ–∑ 5G // –¢–∏–ª–ª—å –õ–∏–Ω–¥–µ–º–∞–Ω–Ω —Ä–∞–∑—Ä—É—à–∞–µ—Ç —Å–∫—Ä–µ–ø—ã,1003267,Vimbox Limited,http://skyeng.ru/go/usachev_marathon
V4G02RknGdY,–î–µ–ø—É—Ç–∞—Ç –®–Ω—É—Ä–æ–≤ // –†–æ—Å—Å–∏—è –±–µ–∑ 5G // –¢–∏–ª–ª—å –õ–∏–Ω–¥–µ–º–∞–Ω–Ω —Ä–∞–∑—Ä—É—à–∞–µ—Ç —Å–∫—Ä–µ–ø—ã,1003267,klikklak.shop,https://vk.cc/9x8cxQ
y7y-6ZXfYKQ,–ü–æ—Ä–∞ –≤–∞–ª–∏—Ç—å –Ω–∞ –ö–∏–ø—Ä! –ß–∞—Å—Ç—å 1,998905,Go Travel Un Limited (Hong Kong),http://aviasales.ru
g2Lhvl-U7e8,–î–∑—é–±–∞ –ø–æ–¥–∫–ª—é—á–∞–µ—Ç –§–°–ë // –î–∂–æ–Ω–Ω–∏ –î–µ–ø–ø —Ç–µ—Ä—è–µ—Ç —Ä–æ–ª–∏ // PlayStation 5 –≤ –†–æ—Å—Å–∏–∏ // –†–æ—Å–∫–æ–º–Ω–∞–¥–∑–æ—Ä –∫–∞–∫ –æ–±—ã—á–Ω–æ,988680,Sony Interactive Entertainment Inc.,https://vk.cc/aCsLdK
XoY98Czodx4,"–ì–î–ï –ú–û–ò –î–ï–ù–¨–ì–ò, –ú–¢–°?! // –î–µ–º–æ–Ω—Å—Ç—Ä–∞—Ü–∏–∏ –≤ –ì—Ä—É–∑–∏–∏ // –ì–∞—Ä—Ä–∏ –ü–æ—Ç—Ç–µ—Ä Go",987897,Registrant of lmgtfy.app,https://vk.cc/9x87ED
iT5DGw6QlLM,–ü–æ—Ä–∞ –≤–∞–ª–∏—Ç—å –≤ –†–∏–º!,986679,Go Travel Un Limited (Hong Kong),http://map.aviasales.ru
iT5DGw6QlLM,–ü–æ—Ä–∞ –≤–∞–ª–∏—Ç—å –≤ –†–∏–º!,986679,elfstore.ru,http://elfstore.ru
iT5DGw6QlLM,–ü–æ—Ä–∞ –≤–∞–ª–∏—Ç—å –≤ –†–∏–º!,986679,jaskierstudio.ru,http://jaskierstudio.ru
byWBn5S25Ec,–ï–í–†–û–ü–ê –ù–ê–ß–ê–õ–ê –ß–ò–ü–ò–†–û–í–ê–¢–¨ // –î–†–£–ì–ê–Ø –ø—Ä–æ–ø–∞–≥–∞–Ω–¥–∞ –Ω–∞ –¢–í // –ö—É—Ä—Å—ã —Ä—É—Å—Å–∫–æ–≥–æ –¥–ª—è —á–∏–Ω–æ–≤–Ω–∏–∫–æ–≤ // –ò—Ç–æ–≥–∏ 2021,985089,usachev.shop,https://usachev.shop/
byWBn5S25Ec,–ï–í–†–û–ü–ê –ù–ê–ß–ê–õ–ê –ß–ò–ü–ò–†–û–í–ê–¢–¨ // –î–†–£–ì–ê–Ø –ø—Ä–æ–ø–∞–≥–∞–Ω–¥–∞ –Ω–∞ –¢–í // –ö—É—Ä—Å—ã —Ä—É—Å—Å–∫–æ–≥–æ –¥–ª—è —á–∏–Ω–æ–≤–Ω–∏–∫–æ–≤ // –ò—Ç–æ–≥–∏ 2021,985089,JOINT-STOCK COMPANY ALFA-BANK,https://alfa.me/dOfW7Q
2TvLcxgExb8,–ß–µ–º —É–¥–∏–≤–∏–ª –ß–µ–ª–æ–≤–µ–∫ –ü–∞—É–∫ // QR-–∫–æ–¥—ã –Ω–µ –ø—Ä–æ—à–ª–∏ // –í–∑—Ä–æ—Å–ª—ã–µ –∏—Ç–æ–≥–∏ 2021 // –ü—Ä–∏–∑–Ω–∞–Ω–∏–µ –ö–∏–∞–Ω—É –†–∏–≤–∑–∞,983760,"Netologiya, LLC",http://netolo.gy/hru.
2TvLcxgExb8,–ß–µ–º —É–¥–∏–≤–∏–ª –ß–µ–ª–æ–≤–µ–∫ –ü–∞—É–∫ // QR-–∫–æ–¥—ã –Ω–µ –ø—Ä–æ—à–ª–∏ // –í–∑—Ä–æ—Å–ª—ã–µ –∏—Ç–æ–≥–∏ 2021 // –ü—Ä–∏–∑–Ω–∞–Ω–∏–µ –ö–∏–∞–Ω—É –†–∏–≤–∑–∞,983760,usachev.shop,https://usachev.shop/
3m_yjG_1Lhg,–†–û–°–°–ò–Ø –î–õ–Ø –ì–†–£–°–¢–ù–´–• // –í–∞–≥–æ–Ω –†–ñ–î –¥–ª—è –±–æ–≥–∞—á–µ–π // –ü–æ–±–µ–¥–∞ —Å—Ç—Ä–∞–¥–∞–µ—Ç –∑–∞ –î–∑—é–±—É // YaC 2020,981334,JOINT-STOCK COMPANY ALFA-BANK,https://alfa.link/e44N
YmtkFzG-Cag,–ö—Ç–æ —Ç—É—à–∏—Ç –ø–æ–∂–∞—Ä—ã –≤ –Ø–∫—É—Ç–∏–∏ // –ü–æ–ª–µ—Ç Virgin Galactic // –û–ª–∏–º–ø–∏–∞–¥–∞ –≤ –¢–æ–∫–∏–æ 2020// –ï–≤—Ä–æ –∏ –ú–∞–∫–≥—Ä–µ–≥–æ—Ä,974800,usachev.shop,https://usachev.shop/
YmtkFzG-Cag,–ö—Ç–æ —Ç—É—à–∏—Ç –ø–æ–∂–∞—Ä—ã –≤ –Ø–∫—É—Ç–∏–∏ // –ü–æ–ª–µ—Ç Virgin Galactic // –û–ª–∏–º–ø–∏–∞–¥–∞ –≤ –¢–æ–∫–∏–æ 2020// –ï–≤—Ä–æ –∏ –ú–∞–∫–≥—Ä–µ–≥–æ—Ä,974800,"LLC ""Internet Solutions""",https://bit.ly/3jds4jU
mwJVZ75tyw8,QR –ö–û–î–´ –ö–ê–ñ–î–û–ú–£! // –†–æ—Å—Å–∏–π—Å–∫–∏–π —Å–ø—É—Ç–Ω–∏–∫ –≤–∑–æ—Ä–≤–∞–ª–∏ // –ù–æ–≤—ã–π –ì–∞—Ä—Ä–∏ –ü–æ—Ç—Ç–µ—Ä // –ì–ª–∞–≤–Ω—ã–µ —Å–µ–∫—Ä–µ—Ç—ã –∞—Ä–º–∏–∏,973901,usachev.shop,https://usachev.shop/
mwJVZ75tyw8,QR –ö–û–î–´ –ö–ê–ñ–î–û–ú–£! // –†–æ—Å—Å–∏–π—Å–∫–∏–π —Å–ø—É—Ç–Ω–∏–∫ –≤–∑–æ—Ä–≤–∞–ª–∏ // –ù–æ–≤—ã–π –ì–∞—Ä—Ä–∏ –ü–æ—Ç—Ç–µ—Ä // –ì–ª–∞–≤–Ω—ã–µ —Å–µ–∫—Ä–µ—Ç—ã –∞—Ä–º–∏–∏,973901,"Skilfektori, LLC",https://clc.to/g_yPpg
JctXSrbZdbw,–§–°–ë –ø—Ä–æ—Ç–∏–≤ –ù–∞–≤–∞–ª—å–Ω–æ–≥–æ // –ö–∞—Ç–∞–∫–ª–∏–∑–º—ã –≤ –†–æ—Å—Å–∏–∏ // –ö–æ—Ä–æ–Ω–∞–≤–∏—Ä—É—Å –∏ –¥—Ä—É–≥–∏–µ –ø—Ä–∏—á–∏–Ω—ã –Ω–µ–Ω–∞–≤–∏–¥–µ—Ç—å 2020 –≥–æ–¥,965787,usachev.shop,http://usachev.shop/
JctXSrbZdbw,–§–°–ë –ø—Ä–æ—Ç–∏–≤ –ù–∞–≤–∞–ª—å–Ω–æ–≥–æ // –ö–∞—Ç–∞–∫–ª–∏–∑–º—ã –≤ –†–æ—Å—Å–∏–∏ // –ö–æ—Ä–æ–Ω–∞–≤–∏—Ä—É—Å –∏ –¥—Ä—É–≥–∏–µ –ø—Ä–∏—á–∏–Ω—ã –Ω–µ–Ω–∞–≤–∏–¥–µ—Ç—å 2020 –≥–æ–¥,965787,Sony Interactive Entertainment Inc.,https://vk.cc/bW8kE0
dGH_E1KHSOs,–†–æ—Å—Å–∏—è + –ë–µ–ª–∞—Ä—É—Å—å = üíù // –ò–≥—Ä—ã —Ç–æ–ª—å–∫–æ –¥–ª—è –≤–∑—Ä–æ—Å–ª—ã—Ö // –ê–∑–æ–≤ –ø—Ä–æ—Ç–∏–≤ 5G // GetContact –ø–µ—Ä–µ–¥–∞–µ—Ç –¥–∞–Ω–Ω—ã–µ,964684,Vimbox Limited,https://go.skyeng.ru/usachev_skypro
dGH_E1KHSOs,–†–æ—Å—Å–∏—è + –ë–µ–ª–∞—Ä—É—Å—å = üíù // –ò–≥—Ä—ã —Ç–æ–ª—å–∫–æ –¥–ª—è –≤–∑—Ä–æ—Å–ª—ã—Ö // –ê–∑–æ–≤ –ø—Ä–æ—Ç–∏–≤ 5G // GetContact –ø–µ—Ä–µ–¥–∞–µ—Ç –¥–∞–Ω–Ω—ã–µ,964684,usachev.shop,https://usachev.shop/
39-8Vug8MVY,–†–£–°–°–ö–û–ï –ö–ò–ù–û –í –ö–û–°–ú–û–°–ï // –û–§–®–û–†–´ –ß–ò–ù–û–í–ù–ò–ö–û–í // –ö–¢–û –£–†–û–ù–ò–õ FACEBOOK // –î–û–ú –î–†–ê–ö–û–ù–ê // –í–ó–õ–û–ú TWITCH,961931,usachev.shop,https://usachev.shop/
39-8Vug8MVY,–†–£–°–°–ö–û–ï –ö–ò–ù–û –í –ö–û–°–ú–û–°–ï // –û–§–®–û–†–´ –ß–ò–ù–û–í–ù–ò–ö–û–í // –ö–¢–û –£–†–û–ù–ò–õ FACEBOOK // –î–û–ú –î–†–ê–ö–û–ù–ê // –í–ó–õ–û–ú TWITCH,961931,JOINT-STOCK COMPANY ALFA-BANK,https://alfa.link/YvhS1w
39-8Vug8MVY,–†–£–°–°–ö–û–ï –ö–ò–ù–û –í –ö–û–°–ú–û–°–ï // –û–§–®–û–†–´ –ß–ò–ù–û–í–ù–ò–ö–û–í // –ö–¢–û –£–†–û–ù–ò–õ FACEBOOK // –î–û–ú –î–†–ê–ö–û–ù–ê // –í–ó–õ–û–ú TWITCH,961931,gulagu-net.ru,https://gulagu-net.ru/
vpKGK3eifSI,–•—É–¥—à–∏–π —Ç—É–∞–ª–µ—Ç –†–æ—Å—Å–∏–∏ // –ì–£–õ–ê–ì 2.0 // –ü—Ä–∞–≤–æ—Å–ª–∞–≤–Ω—ã–π –±–∏—Ç–±–æ–∫—Å,953433,usachev.shop,https://usachev.shop/
vpKGK3eifSI,–•—É–¥—à–∏–π —Ç—É–∞–ª–µ—Ç –†–æ—Å—Å–∏–∏ // –ì–£–õ–ê–ì 2.0 // –ü—Ä–∞–≤–æ—Å–ª–∞–≤–Ω—ã–π –±–∏—Ç–±–æ–∫—Å,953433,"YANDEX, LLC.",https://ya.cc/t/4FR-YczgY3Cpb
EpkZ05iFKhE,–ë–ï–°–û–ì–û–ù –ù–∏–∫–∏—Ç—ã –ú–∏—Ö–∞–ª–∫–æ–≤–∞ // –ë–æ–ª–µ–∑–Ω—å –ø—Ä–µ–º—å–µ—Ä–∞ –†–æ—Å—Å–∏–∏ // –î–æ—Å—Ç–∞–≤–∫–∞ —Å–∞–º–æ–ª–µ—Ç–Ω–æ–π –µ–¥—ã [COVID-19 EDITION],950242,"OOO ""MVM""",https://vk.cc/atGjOU
EpkZ05iFKhE,–ë–ï–°–û–ì–û–ù –ù–∏–∫–∏—Ç—ã –ú–∏—Ö–∞–ª–∫–æ–≤–∞ // –ë–æ–ª–µ–∑–Ω—å –ø—Ä–µ–º—å–µ—Ä–∞ –†–æ—Å—Å–∏–∏ // –î–æ—Å—Ç–∞–≤–∫–∞ —Å–∞–º–æ–ª–µ—Ç–Ω–æ–π –µ–¥—ã [COVID-19 EDITION],950242,Joint Stock Company Ural Airlines,https://vk.cc/atGInw
EpkZ05iFKhE,–ë–ï–°–û–ì–û–ù –ù–∏–∫–∏—Ç—ã –ú–∏—Ö–∞–ª–∫–æ–≤–∞ // –ë–æ–ª–µ–∑–Ω—å –ø—Ä–µ–º—å–µ—Ä–∞ –†–æ—Å—Å–∏–∏ // –î–æ—Å—Ç–∞–≤–∫–∞ —Å–∞–º–æ–ª–µ—Ç–Ω–æ–π –µ–¥—ã [COVID-19 EDITION],950242,klikklak.shop,https://vk.cc/9x8cxQ
-2_PSgsv_ZI,–ó–∞–ø—Ä–µ—Ç –≤–µ–π–ø–æ–≤ // –ù–∞—Å–ª–µ–¥–∏–µ –¢–∏–º–∞—Ç–∏ –∏ –û–∫—Å–∏–º–∏—Ä–æ–Ω–∞// iPhone 11 –æ—Ç Apple,945956,Plarium Global Ltd,http://bit.ly/2kvbrUS
OmdYmPoKpqo,–û–± —ç—Ç–æ–º –Ω–µ–ª—å–∑—è —à—É—Ç–∏—Ç—å –≤ –†–æ—Å—Å–∏–∏ // –û–∫—Å–∏–º–∏—Ä–æ–Ω–∞ –ø—Ä–æ–≤–µ—Ä—è–µ—Ç –°–ö // –°—Ç—Ä–µ–ª—å–±–∞ –≤ –ú–§–¶ // –ë–ª–æ–∫–∏—Ä–æ–≤–∫–∞ –¢–û–†–∞,945519,usachev.shop,https://usachev.shop/
sdPYk0gnZvU,–ö–∞–∫ –ó–∞ –ù–∞–º–∏ –ë—É–¥—É—Ç –°–ª–µ–¥–∏—Ç—å –≤ 2021 –≥–æ–¥—É,942016,Plarium Global Ltd,https://clik.cc/xSY1v
sdPYk0gnZvU,–ö–∞–∫ –ó–∞ –ù–∞–º–∏ –ë—É–¥—É—Ç –°–ª–µ–¥–∏—Ç—å –≤ 2021 –≥–æ–¥—É,942016,"Domains By Proxy, LLC",https://clik.cc/DZl7M
A-u8Phu9olE,–Ø –ù–ê–®–ï–õ –•–û–†–û–®–ò–ï –ù–û–í–û–°–¢–ò!,940318,REDACTED FOR PRIVACY,https://howmuchtoiletpaper.com/
A-u8Phu9olE,–Ø –ù–ê–®–ï–õ –•–û–†–û–®–ò–ï –ù–û–í–û–°–¢–ò!,940318,klikklak.shop,https://vk.cc/9x8cxQ
NhdeAuVhtKU,–ú–ï–ù–Ø –ü–û–ë–†–ò–õ–ò –í –ö–ê–ó–ê–•–°–¢–ê–ù–ï // –ü–û–ë–ï–ì –û–¢ –õ–£–ö–ê–®–ï–ù–ö–û // –°–ê–ú–ê–Ø –°–¢–ò–õ–¨–ù–ê–Ø –û–ë–ï–ó–¨–Ø–ù–ê //–û–õ–ò–ú–ü–ò–ê–î–ê 2021 –í –¢–û–ö–ò–û,938791,Vimbox Limited,https://go.skyeng.ru/programs-usachev
NhdeAuVhtKU,–ú–ï–ù–Ø –ü–û–ë–†–ò–õ–ò –í –ö–ê–ó–ê–•–°–¢–ê–ù–ï // –ü–û–ë–ï–ì –û–¢ –õ–£–ö–ê–®–ï–ù–ö–û // –°–ê–ú–ê–Ø –°–¢–ò–õ–¨–ù–ê–Ø –û–ë–ï–ó–¨–Ø–ù–ê //–û–õ–ò–ú–ü–ò–ê–î–ê 2021 –í –¢–û–ö–ò–û,938791,usachev.shop,https://usachev.shop/
-4qxA6XH0f0,–ü–æ—Ä–∞ –≤–∞–ª–∏—Ç—å –≤ –°–µ—É–ª! [1/3],937859,Go Travel Un Limited (Hong Kong),http://www.aviasales.ru/
inTjD_ZFTRI,–ò–Ω—Ç–∏–º–Ω—ã–µ —Ñ–æ—Ç–æ –≠–º–º—ã –£–æ—Ç—Å–æ–Ω / –ß–µ—Ö–æ–ª –¥–ª—è —Ç–µ–ª–µ—Ñ–æ–Ω–∞ —Å —Ç–µ–ª–µ—Ñ–æ–Ω–æ–º,929784,"OBShchESTVO S OGRANIChENOJ OTVETSTVENNOSTYu ""SKILBOKS""",https://goo.gl/KnRtwb
inTjD_ZFTRI,–ò–Ω—Ç–∏–º–Ω—ã–µ —Ñ–æ—Ç–æ –≠–º–º—ã –£–æ—Ç—Å–æ–Ω / –ß–µ—Ö–æ–ª –¥–ª—è —Ç–µ–ª–µ—Ñ–æ–Ω–∞ —Å —Ç–µ–ª–µ—Ñ–æ–Ω–æ–º,929784,Privacy service provided by Withheld for Privacy ehf,http://kck.st/2mFogIj
inTjD_ZFTRI,–ò–Ω—Ç–∏–º–Ω—ã–µ —Ñ–æ—Ç–æ –≠–º–º—ã –£–æ—Ç—Å–æ–Ω / –ß–µ—Ö–æ–ª –¥–ª—è —Ç–µ–ª–µ—Ñ–æ–Ω–∞ —Å —Ç–µ–ª–µ—Ñ–æ–Ω–æ–º,929784,"""Kinopoisk"", LLC",https://www.kinopoisk.ru/film/610319/
HY8a3ocktDY,–í –†–æ—Å—Å–∏–∏ –æ—Ç–º–µ–Ω—è—Ç —Ä–æ—É–º–∏–Ω–≥ –∏ –∑–∞–±–ª–æ–∫–∏—Ä—É—é—Ç –≤—Å–µ –ø–æ—Ä–Ω–æ,917236,Registrant of lmgtfy.app,http://bfy.tw/9xf1
HY8a3ocktDY,–í –†–æ—Å—Å–∏–∏ –æ—Ç–º–µ–Ω—è—Ç —Ä–æ—É–º–∏–Ω–≥ –∏ –∑–∞–±–ª–æ–∫–∏—Ä—É—é—Ç –≤—Å–µ –ø–æ—Ä–Ω–æ,917236,Bonusway Oy,kopikot.ru
zNb2wNrVVuE,–ü–æ—Ä–∞ –≤–∞–ª–∏—Ç—å –≤ –ì–æ–ª–ª–∏–≤—É–¥!,916669,Go Travel Un Limited (Hong Kong),http://www.aviasales.ru
e8TTg2n6gE8,–ò–∑–æ–ª—è—Ü–∏—è –ú–æ—Å–∫–≤—ã –∏ –†–æ—Å—Å–∏–∏ // Half-Life Alyx // –ù–æ–≤—ã–π Pharaoh,892434,"Samsung Electronics CO., Ltd",https://clck.ru/Mif9c
e8TTg2n6gE8,–ò–∑–æ–ª—è—Ü–∏—è –ú–æ—Å–∫–≤—ã –∏ –†–æ—Å—Å–∏–∏ // Half-Life Alyx // –ù–æ–≤—ã–π Pharaoh,892434,klikklak.shop,https://vk.cc/9x8cxQ
hqUUz9vne48,–°–ª–∏–≤ —Ñ–æ—Ç–æ –≠–º–º—ã –£–æ—Ç—Å–æ–Ω –∏ —ç–ø–∏–¥–µ–º–∏—è –≠–±–æ–ª–∞,888348,"Samsung Electronics CO., Ltd",http://bit.ly/1r1tw6M
vWqZxj2DTDo,–ë–û–õ–¨–®–ï –ü–†–ê–í–û–ö –≤ –ö–æ–Ω—Å—Ç–∏—Ç—É—Ü–∏–∏ –†–§ // –°–Æ–†–ü–†–ò–ó –¥–ª—è –î–∂–æ–Ω–Ω–∏ –î–µ–ø–ø–∞ // –ë–µ–ª–æ—Ä—É—Å—Å–∫–∏–π –≥–µ—Ä–±,886266,"OBShchESTVO S OGRANIChENOJ OTVETSTVENNOSTYu ""SKILBOKS""",https://clc.to/8UJOBw
vWqZxj2DTDo,–ë–û–õ–¨–®–ï –ü–†–ê–í–û–ö –≤ –ö–æ–Ω—Å—Ç–∏—Ç—É—Ü–∏–∏ –†–§ // –°–Æ–†–ü–†–ò–ó –¥–ª—è –î–∂–æ–Ω–Ω–∏ –î–µ–ø–ø–∞ // –ë–µ–ª–æ—Ä—É—Å—Å–∫–∏–π –≥–µ—Ä–±,886266,klikklak.shop,https://vk.cc/9x8cxQ
Pl24IkIr6WI,–ù–æ–≤—ã–π iPhone Xs ‚Äì —á—É–¥–∞ –Ω–µ —Å–ª—É—á–∏–ª–æ—Å—å // –•–∞–±–∏–± –ø—Ä–æ—Ç–∏–≤ –¢–∏–º–∞—Ç–∏ // –ó–æ–ª–æ—Ç–æ–≤ –ø—Ä–æ—Ç–∏–≤ –ù–∞–≤–∞–ª—å–Ω–æ–≥–æ,874073,Sony Electronics Joint Stock Company,https://www.sony.ru/electronics/televizory/af8-series
Pl24IkIr6WI,–ù–æ–≤—ã–π iPhone Xs ‚Äì —á—É–¥–∞ –Ω–µ —Å–ª—É—á–∏–ª–æ—Å—å // –•–∞–±–∏–± –ø—Ä–æ—Ç–∏–≤ –¢–∏–º–∞—Ç–∏ // –ó–æ–ª–æ—Ç–æ–≤ –ø—Ä–æ—Ç–∏–≤ –ù–∞–≤–∞–ª—å–Ω–æ–≥–æ,874073,"JOINT STOCK COMPANY ""PEOPLE TALK""",https://peopletalk.ru/article/kak-pravilno-konfliktovat-v-youtube-otvechaet-ruslan-usachev/
1VjYzbTCZLk,–°–æ–±–∞–∫–∞ –ü–∞–Ω–∏–Ω–∞ –∏ –¥–æ—Ä–æ–≥—É—â–∏–µ Macbook Pro –∏ Surface Studio,873499,Bonusway Oy,https://www.kopikot.ru/u
SCPKYdDIxrY,–†–æ—Å—Å–∏—è –≤–æ–∑–≤—Ä–∞—â–∞–µ—Ç –∫–∞–∑–Ω—å // –õ—é–±–∞—Ä—Å–∫–∞—è –∏ –∂–∏–≤–æ—Ç–Ω—ã–µ,859615,Plarium Global Ltd,http://bit.ly/2ISJPC2
SCPKYdDIxrY,–†–æ—Å—Å–∏—è –≤–æ–∑–≤—Ä–∞—â–∞–µ—Ç –∫–∞–∑–Ω—å // –õ—é–±–∞—Ä—Å–∫–∞—è –∏ –∂–∏–≤–æ—Ç–Ω—ã–µ,859615,klikklak.shop,https://vk.cc/9x8cxQ
3ZvOXOAaF7Y,–ö–∏—Ç–∞–π—Å–∫–∏–π –≤–∏—Ä—É—Å –ø—Ä–∏—à–µ–ª –≤ –†–æ—Å—Å–∏—é // –û—Ö–æ—Ç–∞ –Ω–∞ –î–æ–ª–≥–æ–ø–æ–ª–æ–≤–∞ // –ù–æ–≤–æ–µ –ü—Ä–∞–≤–∏—Ç–µ–ª—å—Å—Ç–≤–æ,856279,Plarium Global Ltd,https://clik.cc/zznxq
3ZvOXOAaF7Y,–ö–∏—Ç–∞–π—Å–∫–∏–π –≤–∏—Ä—É—Å –ø—Ä–∏—à–µ–ª –≤ –†–æ—Å—Å–∏—é // –û—Ö–æ—Ç–∞ –Ω–∞ –î–æ–ª–≥–æ–ø–æ–ª–æ–≤–∞ // –ù–æ–≤–æ–µ –ü—Ä–∞–≤–∏—Ç–µ–ª—å—Å—Ç–≤–æ,856279,"Domains By Proxy, LLC",wixsite.com
3ZvOXOAaF7Y,–ö–∏—Ç–∞–π—Å–∫–∏–π –≤–∏—Ä—É—Å –ø—Ä–∏—à–µ–ª –≤ –†–æ—Å—Å–∏—é // –û—Ö–æ—Ç–∞ –Ω–∞ –î–æ–ª–≥–æ–ø–æ–ª–æ–≤–∞ // –ù–æ–≤–æ–µ –ü—Ä–∞–≤–∏—Ç–µ–ª—å—Å—Ç–≤–æ,856279,klikklak.shop,https://vk.cc/9x8cxQ
GlrPbn5-89g,–ó–≤–æ–Ω–æ–∫ –ú–æ–ú–æ –∏ –æ–ø–∞—Å–Ω–æ—Å—Ç—å –≥–æ—Ä–æ–¥—Å–∫–∏—Ö –ª–µ–≥–µ–Ω–¥,839564,"""Kinopoisk"", LLC",https://www.kinopoisk.ru/action/neirogogol/
Jkw9L4OTbIs,–ò–≤–∞–Ω –ì–æ–ª—É–Ω–æ–≤ –æ—Å–≤–æ–±–æ–∂–¥–µ–Ω // –ú—ç–¥–¥–∏—Å–æ–Ω –ø—Ä–æ—â–µ–Ω // E3 2019 –ø—Ä–æ–≤–∞–ª–µ–Ω,835556,YANDEX LLC,https://vk.cc/9usPhy
ZijM2VeHoEA,–î–µ–Ω—å –±–µ–∑ –ü–æ–±–µ–¥—ã // –ù–æ–≤—ã–π iPhone SE // –°–ø–∞—Å–µ–Ω–∏–µ –∏–≥—Ä–æ–≤–æ–π –∏–Ω–¥—É—Å—Ç—Ä–∏–∏,819494,HAR LLC,https://haieronline.ru
ZijM2VeHoEA,–î–µ–Ω—å –±–µ–∑ –ü–æ–±–µ–¥—ã // –ù–æ–≤—ã–π iPhone SE // –°–ø–∞—Å–µ–Ω–∏–µ –∏–≥—Ä–æ–≤–æ–π –∏–Ω–¥—É—Å—Ç—Ä–∏–∏,819494,klikklak.shop,https://vk.cc/9x8cxQ
ZijM2VeHoEA,–î–µ–Ω—å –±–µ–∑ –ü–æ–±–µ–¥—ã // –ù–æ–≤—ã–π iPhone SE // –°–ø–∞—Å–µ–Ω–∏–µ –∏–≥—Ä–æ–≤–æ–π –∏–Ω–¥—É—Å—Ç—Ä–∏–∏,819494,"""Kinopoisk"", LLC",https://www.kinopoisk.ru/film/423210/
Vr4T0p3eYyo,"–ó–Ω–∞—é, —ç—Ç–æ –Ω–µ –ª—É—á—à–∏–π –º–æ–º–µ–Ω—Ç...",818784,klikklak.shop,https://vk.cc/9x8cxQ
zoXKH-2CgW4,–Ø–ü–û–ù–°–ö–ò–ô –ß–ï–ë–£–†–ê–®–ö–ê // –ù–û–í–´–ï –°–ò–ú–ü–¢–û–ú–´ –í–ò–†–£–°–ê // –ü–†–û–ü–£–°–ö–ù–û–ô –†–ï–ñ–ò–ú –í –†–û–°–°–ò–ò // –í–ò–ö–¢–û–†–ò–Ø –ë–û–ù–Ø –ü–†–û–¢–ò–í 5G,807030,YANDEX LLC,https://ya.cc/t/m-lHhFhuAikMQ
zoXKH-2CgW4,–Ø–ü–û–ù–°–ö–ò–ô –ß–ï–ë–£–†–ê–®–ö–ê // –ù–û–í–´–ï –°–ò–ú–ü–¢–û–ú–´ –í–ò–†–£–°–ê // –ü–†–û–ü–£–°–ö–ù–û–ô –†–ï–ñ–ò–ú –í –†–û–°–°–ò–ò // –í–ò–ö–¢–û–†–ò–Ø –ë–û–ù–Ø –ü–†–û–¢–ò–í 5G,807030,klikklak.shop,https://vk.cc/9x8cxQ
noM5PNNHWHs,–ü–û–ó–û–†–ù–´–ô YOUTUBE REWIND –ò –ú–°–¢–ò–¢–ï–õ–ò 4: –§–ò–ù–ê–õ,804913,ChKOO Merlion Group Limited,https://goo.gl/cZJrNT
sgA9wvCNExw,–ü–æ—Ä–∞ –≤–∞–ª–∏—Ç—å –≤ –°—Ç–∞–º–±—É–ª!,798682,Go Travel Un Limited (Hong Kong),http://vk.com/aviasalesru
yfCxK7F_SNg,–ü–æ—Ä–∞ –≤–∞–ª–∏—Ç—å –≤ –°–µ—É–ª! [2/3],797632,Go Travel Un Limited (Hong Kong),http://www.aviasales.ru
w35WPpC44X8,–û–ª–µ–≥ –¢–∏–Ω—å–∫–æ–≤ –≤ —Å—É–¥–µ // –°–µ—Ä–∏–∞–ª Last of Us // –î–∂–µ–π–º—Å –ë–æ–Ω–¥ –Ω–∞ –∫–∞—Ä–∞–Ω—Ç–∏–Ω–µ,796579,Plarium Global Ltd,https://clik.cc/FjrMe
w35WPpC44X8,–û–ª–µ–≥ –¢–∏–Ω—å–∫–æ–≤ –≤ —Å—É–¥–µ // –°–µ—Ä–∏–∞–ª Last of Us // –î–∂–µ–π–º—Å –ë–æ–Ω–¥ –Ω–∞ –∫–∞—Ä–∞–Ω—Ç–∏–Ω–µ,796579,"Domains By Proxy, LLC",wixsite.com
w35WPpC44X8,–û–ª–µ–≥ –¢–∏–Ω—å–∫–æ–≤ –≤ —Å—É–¥–µ // –°–µ—Ä–∏–∞–ª Last of Us // –î–∂–µ–π–º—Å –ë–æ–Ω–¥ –Ω–∞ –∫–∞—Ä–∞–Ω—Ç–∏–Ω–µ,796579,"Domains By Proxy, LLC",https://clik.cc/gSvkn
w35WPpC44X8,–û–ª–µ–≥ –¢–∏–Ω—å–∫–æ–≤ –≤ —Å—É–¥–µ // –°–µ—Ä–∏–∞–ª Last of Us // –î–∂–µ–π–º—Å –ë–æ–Ω–¥ –Ω–∞ –∫–∞—Ä–∞–Ω—Ç–∏–Ω–µ,796579,klikklak.shop,https://vk.cc/9x8cxQ
rl9XneJoB9A,–ú–∞—Ç—Ä–∏—Ü–∞ 4 // –í–∑—Ä—ã–≤ –¥–æ–º–∞ –≤ –ù–æ–≥–∏–Ω—Å–∫–µ // –ü–æ–≥–∏–± –≥–ª–∞–≤–∞ –ú–ß–° // –ü—Ä–∏–≥–æ–≤–æ—Ä –ö–æ–ª–µ—Å–Ω–∏–∫–æ–≤–æ–π // –ë–∏—Ç–∫–æ–∏–Ω –ø—Ä–∏–∑–Ω–∞–ª–∏,790037,usachev.shop,https://usachev.shop/
rl9XneJoB9A,–ú–∞—Ç—Ä–∏—Ü–∞ 4 // –í–∑—Ä—ã–≤ –¥–æ–º–∞ –≤ –ù–æ–≥–∏–Ω—Å–∫–µ // –ü–æ–≥–∏–± –≥–ª–∞–≤–∞ –ú–ß–° // –ü—Ä–∏–≥–æ–≤–æ—Ä –ö–æ–ª–µ—Å–Ω–∏–∫–æ–≤–æ–π // –ë–∏—Ç–∫–æ–∏–Ω –ø—Ä–∏–∑–Ω–∞–ª–∏,790037,"Skilfektori, LLC",https://clc.to/XcNFDA
MrBOCzeHoOg,–ü–æ—Ä–∞ –≤–∞–ª–∏—Ç—å –≤ –õ–æ—Å-–ê–Ω–¥–∂–µ–ª–µ—Å!,787137,Go Travel Un Limited (Hong Kong),http://www.aviasales.ru
7Y_XAaFOUpE,–ö–æ—Ä–æ—Ç–∫–∞—è –∂–∏–∑–Ω—å —Å–∫–ª–∞–¥–Ω–æ–≥–æ Galaxy Fold // –£–∫—Ä–∞–∏–Ω–∞ –ø—Ä–æ—Ç–∏–≤ Mortal Kombat 11,787107,Plarium Global Ltd,https://bit.ly/2X5cI2j
cSCoNgjL2s4,–ü–æ—Ä–∞ –≤–∞–ª–∏—Ç—å –≤ –ì–æ–ª–ª–∞–Ω–¥–∏—é! –ï–≤—Ä–æ—Ç—É—Ä 3/3,784692,Go Travel Un Limited (Hong Kong),http://www.aviasales.ru/
cSCoNgjL2s4,–ü–æ—Ä–∞ –≤–∞–ª–∏—Ç—å –≤ –ì–æ–ª–ª–∞–Ω–¥–∏—é! –ï–≤—Ä–æ—Ç—É—Ä 3/3,784692,elfstore.ru,http://elfstore.ru
cSCoNgjL2s4,–ü–æ—Ä–∞ –≤–∞–ª–∏—Ç—å –≤ –ì–æ–ª–ª–∞–Ω–¥–∏—é! –ï–≤—Ä–æ—Ç—É—Ä 3/3,784692,jaskierstudio.ru,http://jaskierstudio.ru
YFrqW5oe-Vc,–°–∞–º–∞—è –¥–æ—Ä–æ–≥–∞—è LADA –∏ —Ä–µ–¥–∏–∑–∞–π–Ω YouTube,779268,internethero.ru,https://goo.gl/6d3g4a
ZbXk6TWD2VU,–í–ò–ü-–ø–∞—Å—Ö–∞ –≤ –ú–æ—Å–∫–≤–µ // –ò–∑–æ–ª—è—Ü–∏—è –ë–∏–ª–ª–∏ –ê–π–ª–∏—à // –ö–∏–±–µ—Ä–ø–∞–Ω–∫ –æ—Ç Apple –∏ Facebook,777006,OOO GEEKBRAINS,https://geekbrains.ru/link/Ur1uOO
ZbXk6TWD2VU,–í–ò–ü-–ø–∞—Å—Ö–∞ –≤ –ú–æ—Å–∫–≤–µ // –ò–∑–æ–ª—è—Ü–∏—è –ë–∏–ª–ª–∏ –ê–π–ª–∏—à // –ö–∏–±–µ—Ä–ø–∞–Ω–∫ –æ—Ç Apple –∏ Facebook,777006,klikklak.shop,https://vk.cc/9x8cxQ
XDo7v3HaitY,–£–∫—Ä–∞–∏–Ω–∞ –ó–µ–ª–µ–Ω—Å–∫–æ–≥–æ –∏ –º–∏—Ç–∏–Ω–≥ –≤ –∑–∞—â–∏—Ç—É –∏–Ω—Ç–µ—Ä–Ω–µ—Ç–∞,774763,Valve Corporation,https://vk.cc/99plQh
19pxoi9x6oM,–£—á–∏–ª–∫–∞-–Ω–∏–º—Ñ–æ–º–∞–Ω–∫–∞ –∏ —Ä–µ–±–µ–Ω–æ–∫-—Ö–∞–∫–µ—Ä,774046,parad-msk.ru,http://parad-msk.ru/
19pxoi9x6oM,–£—á–∏–ª–∫–∞-–Ω–∏–º—Ñ–æ–º–∞–Ω–∫–∞ –∏ —Ä–µ–±–µ–Ω–æ–∫-—Ö–∞–∫–µ—Ä,774046,MIPOD Bessmertnyj polk,http://moypolk.ru/
j379t5GPJuQ,YOUTUBE –ü–†–û–¢–ò–í –î–ï–¢–ï–ô // INSTAGRAM –û–¢–ú–ï–ù–Ø–ï–¢ –õ–ê–ô–ö–ò,770348,klikklak.shop,https://vk.cc/9x8cxQ
YzqTH4Hj14Y,–ú–û–°–ö–í–ê –ù–ê –ü–†–û–ü–£–°–ö–ù–û–ú –†–ï–ñ–ò–ú–ï // –í–°–ü–´–®–ö–ê –í –£–§–ï // –ù–ï–§–¢–Ø–ù–ê–Ø –ú–ù–û–ì–û–•–û–î–û–í–û–ß–ö–ê,769784,Plarium Global Ltd,https://clik.cc/txd7u
YzqTH4Hj14Y,–ú–û–°–ö–í–ê –ù–ê –ü–†–û–ü–£–°–ö–ù–û–ú –†–ï–ñ–ò–ú–ï // –í–°–ü–´–®–ö–ê –í –£–§–ï // –ù–ï–§–¢–Ø–ù–ê–Ø –ú–ù–û–ì–û–•–û–î–û–í–û–ß–ö–ê,769784,"Domains By Proxy, LLC",https://clik.cc/t3mCR
YzqTH4Hj14Y,–ú–û–°–ö–í–ê –ù–ê –ü–†–û–ü–£–°–ö–ù–û–ú –†–ï–ñ–ò–ú–ï // –í–°–ü–´–®–ö–ê –í –£–§–ï // –ù–ï–§–¢–Ø–ù–ê–Ø –ú–ù–û–ì–û–•–û–î–û–í–û–ß–ö–ê,769784,klikklak.shop,https://vk.cc/9x8cxQ
e2VvsXw3jfk,–ü–æ—Ä–∞ –≤–∞–ª–∏—Ç—å –≤ –õ–∞—Ç–≤–∏—é!,769267,Go Travel Un Limited (Hong Kong),http://map.aviasales.ru
e2VvsXw3jfk,–ü–æ—Ä–∞ –≤–∞–ª–∏—Ç—å –≤ –õ–∞—Ç–≤–∏—é!,769267,elfstore.ru,http://elfstore.ru
e2VvsXw3jfk,–ü–æ—Ä–∞ –≤–∞–ª–∏—Ç—å –≤ –õ–∞—Ç–≤–∏—é!,769267,jaskierstudio.ru,http://jaskierstudio.ru
DKAYXWJiPtE,–†–£–°–°–ö–ò–ô –ö–û–°–ú–û–° –∏ –ú–û–°–ö–û–í–°–ö–ò–ï –ú–ò–¢–ò–ù–ì–ò,755524,Vimbox Limited,http://skyeng.ru/go/usachevsurvey
buttiXvalmY,Twitch –ø–æ–¥ –∑–∞–ø—Ä–µ—Ç–æ–º –≤ –†–æ—Å—Å–∏–∏ // –ú—ç–¥–¥–∏—Å–æ–Ω –≤ –õ–î–ü–† // –ü—Ä–æ–≤–∞–ª –§–æ–Ω–¥–∞ –ö–∏–Ω–æ,738286,OOO Buk 24,https://bit.ly/2S17e9w
buttiXvalmY,Twitch –ø–æ–¥ –∑–∞–ø—Ä–µ—Ç–æ–º –≤ –†–æ—Å—Å–∏–∏ // –ú—ç–¥–¥–∏—Å–æ–Ω –≤ –õ–î–ü–† // –ü—Ä–æ–≤–∞–ª –§–æ–Ω–¥–∞ –ö–∏–Ω–æ,738286,klikklak.shop,https://vk.cc/9x8cxQ
nK2Job853dw,–ü–æ—Ä–∞ –≤–∞–ª–∏—Ç—å –≤ –¢–µ–ª—å-–ê–≤–∏–≤!,736684,Go Travel Un Limited (Hong Kong),https://hotellook.ru
nK2Job853dw,–ü–æ—Ä–∞ –≤–∞–ª–∏—Ç—å –≤ –¢–µ–ª—å-–ê–≤–∏–≤!,736684,Go Travel Un Limited (Hong Kong),http://www.aviasales.ru
AfS3PttSe2Y,APPLE –ò–ó–ì–û–ù–Ø–Æ–¢ –ò–ó –†–û–°–°–ò–ò // –•–£–î–®–ò–ô –î–ò–ü–õ–û–ú–ù–´–ô –†–£–ö–û–í–û–î–ò–¢–ï–õ–¨ ‚Äì –û–õ–ï–ì –°–û–ö–û–õ–û–í,730083,BF PODAROK ANGELU,https://dobroshrift.ru/
AfS3PttSe2Y,APPLE –ò–ó–ì–û–ù–Ø–Æ–¢ –ò–ó –†–û–°–°–ò–ò // –•–£–î–®–ò–ô –î–ò–ü–õ–û–ú–ù–´–ô –†–£–ö–û–í–û–î–ò–¢–ï–õ–¨ ‚Äì –û–õ–ï–ì –°–û–ö–û–õ–û–í,730083,"Domains By Proxy, LLC",https://clik.cc/eGKhl
AfS3PttSe2Y,APPLE –ò–ó–ì–û–ù–Ø–Æ–¢ –ò–ó –†–û–°–°–ò–ò // –•–£–î–®–ò–ô –î–ò–ü–õ–û–ú–ù–´–ô –†–£–ö–û–í–û–î–ò–¢–ï–õ–¨ ‚Äì –û–õ–ï–ì –°–û–ö–û–õ–û–í,730083,klikklak.shop,https://vk.cc/9x8cxQ
jcmCjc4H7rs,–£–∂–∞—Å—ã –¥–µ—Ç—Å–∫–æ–≥–æ —é—Ç—å—é–±–∞ // –ß–µ—Ä–Ω–∞—è –ø—è—Ç–Ω–∏—Ü–∞ // –ù–æ–≤—ã–π –∫–ª–∏–ø OK Go,728386,OOO TAUKONSALT,https://goo.gl/rPjXWR
jcmCjc4H7rs,–£–∂–∞—Å—ã –¥–µ—Ç—Å–∫–æ–≥–æ —é—Ç—å—é–±–∞ // –ß–µ—Ä–Ω–∞—è –ø—è—Ç–Ω–∏—Ü–∞ // –ù–æ–≤—ã–π –∫–ª–∏–ø OK Go,728386,Bonusway Oy,https://www.kopikot.ru/u_bf
GnLG7zkk12c,–ü–æ—Ä–∞ –≤–∞–ª–∏—Ç—å –Ω–∞ –ö–æ—Å—Ç–∞-–ë—Ä–∞–≤–∞!,727343,Go Travel Un Limited (Hong Kong),http://aviasales.ru
Dl6-wBQ4L14,"–¶–µ–Ω–∑—É—Ä–∞ –≤ —Å–æ—Ü–∏–∞–ª—å–Ω—ã—Ö —Å–µ—Ç—è—Ö, –Ø–Ω–¥–µ–∫—Å –¢–µ–ª–µ—Ñ–æ–Ω –∏ —Ä—ç–ø–µ—Ä—ã –≤ –î—É–º–µ",727322,Sony Interactive Entertainment Inc.,https://www.playstation.com/ru-ru/explore/playstation-classic/
bhryhDgWidI,–ü–æ—Ä–∞ –≤–∞–ª–∏—Ç—å –≤ –ö–æ–ø–µ–Ω–≥–∞–≥–µ–Ω!,726206,Go Travel Un Limited (Hong Kong),http://www.aviasales.ru/
bhryhDgWidI,–ü–æ—Ä–∞ –≤–∞–ª–∏—Ç—å –≤ –ö–æ–ø–µ–Ω–≥–∞–≥–µ–Ω!,726206,elfstore.ru,http://elfstore.ru
bhryhDgWidI,–ü–æ—Ä–∞ –≤–∞–ª–∏—Ç—å –≤ –ö–æ–ø–µ–Ω–≥–∞–≥–µ–Ω!,726206,jaskierstudio.ru,http://jaskierstudio.ru
LXNIOK8YVUY,–î–æ–ø–∏–Ω–≥ –ú–∞—Ä–∏–∏ –®–∞—Ä–∞–ø–æ–≤–æ–π –∏ –æ—á–µ—Ä–µ–¥–Ω–æ–π –ß–µ–ª–æ–≤–µ–∫-–ø–∞—É–∫,723362,Microsoft Corporation,http://www.masterofcode.ru
-_bxBFwldcU,–ó–∞–∫–∞—Ç –ó–≤–µ–∑–¥–Ω—ã—Ö –í–æ–π–Ω // –†–∞–∑–≥–æ–Ω —à–∫–æ–ª—å–Ω–∏–∫–æ–≤ // –ù–æ–≤–æ—Å–∏–±–∏—Ä—Å–∫–∏–π –∫–∞—Ç–æ–∫,723188,klikklak.shop,https://vk.cc/9x8cxQ
mb7GBrg7Cd4,"–ü—É—Ç–∏–Ω –ø—Ä–æ—Ç–∏–≤ —Ä—ç–ø–∞, –∞ –ü–µ—Ä–≤—ã–π –ö–∞–Ω–∞–ª –ø—Ä–æ—Ç–∏–≤ Call Of Duty Modern Warfare",723139,Vimbox Limited,http://skyeng.ru/go/usa4ev
mb7GBrg7Cd4,"–ü—É—Ç–∏–Ω –ø—Ä–æ—Ç–∏–≤ —Ä—ç–ø–∞, –∞ –ü–µ—Ä–≤—ã–π –ö–∞–Ω–∞–ª –ø—Ä–æ—Ç–∏–≤ Call Of Duty Modern Warfare",723139,klikklak.shop,https://vk.cc/9x8cxQ
ktCNIehIUso,–ü–æ—Ä–∞ –≤–∞–ª–∏—Ç—å –≤ –í–µ–Ω–µ—Ü–∏—é!,720284,Go Travel Un Limited (Hong Kong),http://map.aviasales.ru
ktCNIehIUso,–ü–æ—Ä–∞ –≤–∞–ª–∏—Ç—å –≤ –í–µ–Ω–µ—Ü–∏—é!,720284,elfstore.ru,http://elfstore.ru
ktCNIehIUso,–ü–æ—Ä–∞ –≤–∞–ª–∏—Ç—å –≤ –í–µ–Ω–µ—Ü–∏—é!,720284,jaskierstudio.ru,http://jaskierstudio.ru
r6BGgvDBYIg,–ü–æ—Ä–∞ –≤–∞–ª–∏—Ç—å –≤ –ò–µ—Ä—É—Å–∞–ª–∏–º!,718887,Go Travel Un Limited (Hong Kong),https://hotellook.ru
r6BGgvDBYIg,–ü–æ—Ä–∞ –≤–∞–ª–∏—Ç—å –≤ –ò–µ—Ä—É—Å–∞–ª–∏–º!,718887,Go Travel Un Limited (Hong Kong),http://www.aviasales.ru
oaaw3jlk1jE,–ü–æ—Ä–∞ –≤–∞–ª–∏—Ç—å –Ω–∞ –ö–∏–ø—Ä! –ß–∞—Å—Ç—å 2,710792,Go Travel Un Limited (Hong Kong),http://aviasales.ru
HRt3X_7qXE0,–†–æ—Å—Å–∏—è –ø—Ä–æ—Ç–∏–≤ Call of Duty // –ö–æ–Ω–µ—Ü –ü–æ–∫–µ–º–æ–Ω–æ–≤ // –ù–æ–≤—ã–π –ø—Ä–æ–µ–∫—Ç –¢–∞—Ä–∞–Ω—Ç–∏–Ω–æ,691385,klikklak.shop,https://klikklak.shop/catalog/ruslan-usachev/
oVvOKedbUz0,–ü–æ—Ä–∞ –≤–∞–ª–∏—Ç—å –≤ –ë–∞—Ä—Å–µ–ª–æ–Ω—É!,691282,Go Travel Un Limited (Hong Kong),http://aviasales.ru
hoCt5z9oAWc,–°–Ω–æ—Å —Ö—Ä–∞–º–∞ –≤ –ü–∏—Ç–µ—Ä–µ // –û—Ç–≤–µ—Ç –ò–ª–æ–Ω—É –ú–∞—Å–∫—É// –ò–Ω–Ω–æ–≤–∞—Ü–∏–æ–Ω–Ω—ã–π –í–∞—Ç–∏–∫–∞–Ω,681565,"Domains By Proxy, LLC",https://clik.cc/eb1Eg
hoCt5z9oAWc,–°–Ω–æ—Å —Ö—Ä–∞–º–∞ –≤ –ü–∏—Ç–µ—Ä–µ // –û—Ç–≤–µ—Ç –ò–ª–æ–Ω—É –ú–∞—Å–∫—É// –ò–Ω–Ω–æ–≤–∞—Ü–∏–æ–Ω–Ω—ã–π –í–∞—Ç–∏–∫–∞–Ω,681565,klikklak.shop,https://vk.cc/9x8cxQ
UK0Zt7Qu8wM,–ë–ª–æ–∫–∏—Ä–æ–≤–∫–∞ Telegram –≤ –†–æ—Å—Å–∏–∏ // –Ø–ø–æ–Ω—Å–∫–∏–π —Ä—ç–ø-–±–∞—Ç–ª –≤–µ–∫–∞,678640,LENOVO PC HK LIMITED,https://goo.gl/12397H
alXR9GL9VqA,–ú—Å—Ç–∏—Ç–µ–ª–∏ –≤ Fortnite –∏ –ø—É–≥–∞—é—â–∏–µ –Ω–æ–≤–∏–Ω–∫–∏ Google I/O,675260,"""Jivaya Biblioteka""",mybook.ru
WDuaKQnTdyA,–ü–æ—Ä–∞ –≤–∞–ª–∏—Ç—å - –ü—Ä–∞–≥–∞!,663295,–µ–≤—Ä–æ—Ç—É—Ä.—Ä—Ñ,http://–µ–≤—Ä–æ—Ç—É—Ä.—Ä—Ñ
WDuaKQnTdyA,–ü–æ—Ä–∞ –≤–∞–ª–∏—Ç—å - –ü—Ä–∞–≥–∞!,663295,Go Travel Un Limited (Hong Kong),http://aviasales.ru
WDuaKQnTdyA,–ü–æ—Ä–∞ –≤–∞–ª–∏—Ç—å - –ü—Ä–∞–≥–∞!,663295,elfstore.ru,http://elfstore.ru
WDuaKQnTdyA,–ü–æ—Ä–∞ –≤–∞–ª–∏—Ç—å - –ü—Ä–∞–≥–∞!,663295,jaskierstudio.ru,http://jaskierstudio.ru
1YDBNr4Sqms,–•–û–ö–ö–ï–ô –†–û–°–°–ò–Ø - –ì–ï–†–ú–ê–ù–ò–Ø ü•á WI-FI –û–¢ –ò–õ–û–ù–ê –ú–ê–°–ö–ê,663042,"Domains By Proxy, LLC",https://goo.gl/obwqbX
x0Pp1pjIQq4,YouTube –≤–≤–æ–¥–∏—Ç –ø–ª–∞—Ç–Ω—É—é –ø–æ–¥–ø–∏—Å–∫—É –Ω–∞ –±–ª–æ–≥–µ—Ä–æ–≤,657120,aliexpress.com,http://goo.gl/hqu1er
sw-e4IWpL2M,–ù—è–Ω—è-–ø—Å–∏—Ö–æ–ø–∞—Ç–∫–∞ –∏ –Ω–æ–≤–æ–µ –¥–µ–ª–æ –®–µ—Ä–ª–æ–∫–∞,649828,Privacy service provided by Withheld for Privacy ehf,https://goo.gl/gtam6R
QcbMyknfsyk,–ü–æ—Ä–∞ –≤–∞–ª–∏—Ç—å –≤ –°–µ—É–ª! [3/3],647256,Go Travel Un Limited (Hong Kong),http://www.aviasales.ru
txqtdmY2cvU,"FORTNITE –≥—Ä–æ–∑–∏—Ç —Å—É–¥, LITTLE BIG –±—å–µ—Ç —Ä–µ–∫–æ—Ä–¥—ã",642822,ChKOO Merlion Group Limited,https://goo.gl/3bMfw7
QWX5EKYYWSo,–¢–∞–π–Ω–∞ —á–µ—Ä–Ω–æ–≥–æ —è—â–∏–∫–∞ –∏ –∂–µ–Ω—Å–∫–∏—Ö –∑–∞–¥–Ω–∏—Ü,642118,"Samsung Electronics CO., Ltd",http://www.samsung.com/ru/promotions/galaxyS6/
SMiWVap8AbM,–≠—Ç–æ—Ç Fortnite —Ç–æ–ª—å–∫–æ –¥–ª—è –≤–∑—Ä–æ—Å–ª—ã—Ö,639149,"YANDEX, LLC.",http://bit.ly/2KPOMhG
DdhuEcg2pW0,–Ø –±–æ–ª—å—à–µ —ç—Ç–æ–≥–æ –Ω–µ –≤—ã–Ω–µ—Å—É!,635330,LENOVO PC HK LIMITED,https://goo.gl/12397H
qJ_ShtJIelk,–ü–æ—Ä–∞ –≤–∞–ª–∏—Ç—å –≤ –¢–∞–∏–ª–∞–Ω–¥! [–æ—Å—Ç—Ä–æ–≤ –ü—É–∫–µ—Ç],631182,Go Travel Un Limited (Hong Kong),http://map.aviasales.ru
qJ_ShtJIelk,–ü–æ—Ä–∞ –≤–∞–ª–∏—Ç—å –≤ –¢–∞–∏–ª–∞–Ω–¥! [–æ—Å—Ç—Ä–æ–≤ –ü—É–∫–µ—Ç],631182,jaskier.ru,http://jaskier.ru/
6F9UipxcVe8,–ü–æ—Ä–∞ –≤–∞–ª–∏—Ç—å –≤ –õ—é–∫—Å–µ–º–±—É—Ä–≥. –ï–≤—Ä–æ—Ç—É—Ä 1/3,609628,Go Travel Un Limited (Hong Kong),http://map.aviasales.ru
6F9UipxcVe8,–ü–æ—Ä–∞ –≤–∞–ª–∏—Ç—å –≤ –õ—é–∫—Å–µ–º–±—É—Ä–≥. –ï–≤—Ä–æ—Ç—É—Ä 1/3,609628,elfstore.ru,http://elfstore.ru
0jAYjwD-qOQ,–ö–ê–ö –†–û–°–°–ò–Ø –°–ü–ê–°–ï–¢ –ö–û–†–û–í // –ú–û–°–ö–û–í–°–ö–û–ï –î–ï–õ–û // –ê–Ω–æ–Ω—Å GOPRO HERO 8,598667,"LLC ""Ivi.ru""",http://bit.ly/usachev_ivi_comiccon
0jAYjwD-qOQ,–ö–ê–ö –†–û–°–°–ò–Ø –°–ü–ê–°–ï–¢ –ö–û–†–û–í // –ú–û–°–ö–û–í–°–ö–û–ï –î–ï–õ–û // –ê–Ω–æ–Ω—Å GOPRO HERO 8,598667,klikklak.shop,https://vk.cc/9x8cxQ
RWLwxo0ceTU,–ü–æ—Ä–∞ –≤–∞–ª–∏—Ç—å –≤ –õ–∏—Ç–≤—É!,596525,Go Travel Un Limited (Hong Kong),http://map.aviasales.ru
RWLwxo0ceTU,–ü–æ—Ä–∞ –≤–∞–ª–∏—Ç—å –≤ –õ–∏—Ç–≤—É!,596525,elfstore.ru,http://elfstore.ru
RWLwxo0ceTU,–ü–æ—Ä–∞ –≤–∞–ª–∏—Ç—å –≤ –õ–∏—Ç–≤—É!,596525,jaskierstudio.ru,http://jaskierstudio.ru
q5XeYyUp-EM,–ü–æ–ª—å–∑–∞ –º–∞—Ç–∞ –∏ –¥–µ–ø–æ—Ä—Ç–∞—Ü–∏—è –î–∂–∞—Å—Ç–∏–Ω–∞ –ë–∏–±–µ—Ä–∞,590849,youcomedy.mes,http://youcomedy.me
rGplLxQLhTQ,–°–µ–∫—Ä–µ—Ç—ã —Å–µ–∫—Å—É–∞–ª—å–Ω—ã—Ö –¥–æ–º–æ–≥–∞—Ç–µ–ª—å—Å—Ç–≤ –æ—Ç –∑–≤–µ–∑–¥ –ì–æ–ª–ª–∏–≤—É–¥–∞,590073,"LLC ""Company Afisha""",https://goo.gl/t2CpsL
O8UVOsfuEu0,"–ö—Ä—É—à–µ–Ω–∏–µ –∫–∞—Ä—å–µ—Ä—ã –ö–æ–∫–æ—Ä–∏–Ω–∞, –ú–∞–º–∞–µ–≤–∞ –∏ —Ä–∞–∫–µ—Ç—ã –°–æ—é–∑",586250,Vimbox Limited,skyeng.ru
QNSoF5cKG80,–ö–∞–∫ –∞–º–µ—Ä–∏–∫–∞–Ω—Ü—ã —É–±–∏–≤–∞—é—Ç —Å–≤–æ–±–æ–¥–Ω—ã–π –∏–Ω—Ç–µ—Ä–Ω–µ—Ç,573415,PayPal Inc.,https://goo.gl/Tbx1M1
a2-kRMeHHFU,"–ú–∞—Ç—á –†–æ—Å—Å–∏—è - –•–æ—Ä–≤–∞—Ç–∏—è. –°–±–æ—Ä–Ω–∞—è, –∑–∞ –∫–æ—Ç–æ—Ä—É—é –Ω–µ —Å—Ç—ã–¥–Ω–æ.",569192,Opera Norway AS,opera.com
UatReZg6pTU,–ú–Ω–æ–≥–∏–º —ç—Ç–æ –Ω–µ –ø–æ–Ω—Ä–∞–≤–∏—Ç—Å—è!,562182,braun-russia.ru,https://clck.ru/FB8ix
NvNKdEB6j7o,–ü–æ—Ä–∞ –≤–∞–ª–∏—Ç—å –≤–æ –§—Ä–∞–Ω—Ü–∏—é!,559892,Go Travel Un Limited (Hong Kong),https://hotellook.ru
NvNKdEB6j7o,–ü–æ—Ä–∞ –≤–∞–ª–∏—Ç—å –≤–æ –§—Ä–∞–Ω—Ü–∏—é!,559892,Go Travel Un Limited (Hong Kong),http://www.aviasales.ru
ZdtHZ2484BY,UsachevToday - –ê—Ç–∞–∫–∞ –Ω–∞ –∏–Ω—Å—Ç–∞–≥—Ä–∞–º –∏ –º–∞—Ä—à –ò–∏—Å—É—Å–∞,556262,vsemayki.ru,http://vk.cc/1T3WgM
nWIt8zHimuA,–Ø –ü–û–ü–ê–õ –ù–ê –ú–°–¢–ò–¢–ï–õ–ò 4 - –§–ò–ù–ê–õ (–ë–ï–ó –°–ü–û–ô–õ–ï–†–û–í –ò –°–ú–°),543709,Avito AB,http://bit.ly/2W41riV
1v-mAM5AkzI,–ù–û–í–´–ô –ì–ê–†–†–ò –ü–û–¢–¢–ï–† –ò –£–ì–û–õ–û–í–ù–ê–Ø –°–¢–ê–¢–¨–Ø –ó–ê –†–ï–ü–û–°–¢,542721,Privacy protection service - whoisproxy.ru,https://trk.mail.ru/c/sp1oh7
Alks6KNs9Wc,–ü–æ—Ä–∞ –≤–∞–ª–∏—Ç—å –≤ –ë–µ–ª—å–≥–∏—é! –ï–≤—Ä–æ—Ç—É—Ä 2/3,541501,Go Travel Un Limited (Hong Kong),http://www.aviasales.ru/
Alks6KNs9Wc,–ü–æ—Ä–∞ –≤–∞–ª–∏—Ç—å –≤ –ë–µ–ª—å–≥–∏—é! –ï–≤—Ä–æ—Ç—É—Ä 2/3,541501,elfstore.ru,http://elfstore.ru
Alks6KNs9Wc,–ü–æ—Ä–∞ –≤–∞–ª–∏—Ç—å –≤ –ë–µ–ª—å–≥–∏—é! –ï–≤—Ä–æ—Ç—É—Ä 2/3,541501,jaskierstudio.ru,http://jaskierstudio.ru
_iOuvsroJPU,–ö–ê–ö –í–°–ï –£–°–ü–ï–í–ê–¢–¨?! // –ö–æ–Ω—Ç—Ä–æ–ª—å –ø—Ä–æ–¥—É–∫—Ç–∏–≤–Ω–æ—Å—Ç–∏,538205,klikklak.shop,https://vk.cc/9x8cxQ
3gjiKzo6yhM,–ù–æ–≤–∞—è –í–ò–ê–ì–†–ê –∏ –≤–æ–ª—à–µ–±–Ω—ã–∏ÃÜ —á–µ—Ö–æ–ª,537593,vsemayki.ru,http://www.skinon.ru/
EcTRPGEd0_c,–ö–ê–ö –ë–ï–°–ò–¢ –≠–¢–û–¢ –¢–í–ò–¢–¢–ï–†! #twitota,533305,klikklak.shop,https://vk.cc/9x8cxQ
8F0U7qaDGho,–ü–æ—Ä–∞ –≤–∞–ª–∏—Ç—å –≤ –ß–µ—Ö–∏—é!,526792,Go Travel Un Limited (Hong Kong),http://map.aviasales.ru
8F0U7qaDGho,–ü–æ—Ä–∞ –≤–∞–ª–∏—Ç—å –≤ –ß–µ—Ö–∏—é!,526792,elfstore.ru,http://elfstore.ru
8F0U7qaDGho,–ü–æ—Ä–∞ –≤–∞–ª–∏—Ç—å –≤ –ß–µ—Ö–∏—é!,526792,jaskierstudio.ru,http://jaskierstudio.ru
ukSmE_Hax5U,–ö–∞–∫ –≤ –†–æ—Å—Å–∏–∏ —Å–µ—Å—Ç—å –∑–∞ –ª–∞–π–∫. –¢–æ–ø 5 —Å–ø–æ—Å–æ–±–æ–≤.,524873,OOO Upravljajushchaja kompanija Labirint,https://www.labirint.ru/win/
KwHY7WGwd4c,–ß—Ç–æ –Ω–µ –≥–æ–≤–æ—Ä—è—Ç –ø—Ä–æ Galaxy S10+ // –£—à–µ–ª –∏–∑ –∂–∏–∑–Ω–∏ –ö–∏—Ç –§–ª–∏–Ω—Ç –∏–∑ Prodigy // –Æ–º–æ—Ä–∏—Å—Ç –ø—Ä–æ–≤–∞–ª–∏–ª—Å—è,511034,"Samsung Electronics CO., Ltd",http://bit.ly/2SJRqF6
E-Y94qVVFNo,–ö–ê–ö –Ø –ü–†–û–°–ü–ê–õ –ù–û–í–´–ô –ì–û–î,510068,turclub-pik.ru,https://vk.cc/8YtEjs
pYkJxAW-Y-E,–†—É—Å—Å–∫–∏–µ –≤–æ–µ–Ω–Ω—ã–µ —Ç–µ—Ö–Ω–æ–ª–æ–≥–∏–∏ –∏ –Ω–æ–≤—ã–µ —Ä–µ–º–µ–π–∫–∏,509358,vsemayki.ru,http://www.skinon.ru/
wK0q9Dt4xZM,–ß–µ—á–µ–Ω—Å–∫–∏–µ –≤–∞–º–ø–∏—Ä—ã –∏ —ç–ª–∏—Ç–Ω—ã–π –ø–ª–∞—Ü–∫–∞—Ä—Ç –¥–ª—è –†–æ—Å—Å–∏–∏ –ë—É–¥—É—â–µ–≥–æ,508507,LLC ShowJet,https://clck.ru/Ejhvb
DheMeXFEhcU,–≠–º–∏–≥—Ä–∞—Ü–∏—è –ü–∞–≤–ª–∞ –î—É—Ä–æ–≤–∞ –∏ –∑–∞–∫–æ–Ω –æ –±–ª–æ–≥–µ—Ä–∞—Ö,508250,Bonusway Oy,http://bit.ly/1nLDSE1
ltUAl5pxVCY,–¢–∞–π–Ω–∞ —Ä–æ—Å—Å–∏–π—Å–∫–∏—Ö –Ω–∞–µ–º–Ω–∏–∫–æ–≤ –≤ –°–∏—Ä–∏–∏ // –û–ª–∏–º–ø–∏–∞–¥–∞ 2018,503584,AliExpress Russia Holding Pte. Ltd.,http://bit.ly/2mOgptG
YEuSVV0ztG4,TikTok - —Å—Ç—Ä–∞—à–Ω–∞—è –ø—Ä–∞–≤–¥–∞ // –ö–∞—Ä–º–∞–Ω–Ω—ã–π Diablo –Ω–∞ Blizzcon 2018,498882,FEDERALNOE GOSUDARSTVENNOE AVTONOMNOE UChREZhDENIE FEDERALNYY INSTITUT CIFROVOY TRANSFORMACII V SFERE OBRAZOVANIYa,http://online.edu.ru
GfvBOYend90,–ù–æ–≤–∞—è LADA –∏ –∞–º–æ—Ä–∞–ª—å–Ω—ã–µ –∫–∞—Ä–∏–∫–∞—Ç—É—Ä—ã,498709,BEIJING JINGDONG 360 Du E-COMMERCE LTD,http://bit.ly/20tKJXy
0-arxiD-QF4,–£–∫—Ä–∞–∏–Ω—Å–∫–∏–µ —Å–∞–Ω–∫—Ü–∏–∏ –∏ –≤–æ–ª—à–µ–±–Ω–∞—è –∫—Ä–∞—Å–∫–∞,493226,vsemayki.ru,http://goo.gl/FjWHVN
CU2bndmySJo,–û–ª–∏–º–ø–∏–π—Å–∫–∏–π —Å–∫–∞–Ω–¥–∞–ª –∏ –∞–º–µ—Ä–∏–∫–∞–Ω—Å–∫–∏–µ –≤—ã–±–æ—Ä—ã,485469,"LLC ""Samsung Electronics RUS Company""",https://www.youtube.com/samsungRuTV
CU2bndmySJo,–û–ª–∏–º–ø–∏–π—Å–∫–∏–π —Å–∫–∞–Ω–¥–∞–ª –∏ –∞–º–µ—Ä–∏–∫–∞–Ω—Å–∫–∏–µ –≤—ã–±–æ—Ä—ã,485469,"GameStop, Inc.",http://www.thinkgeek.com/product/jkmu/
ky6puN8yoTc,C—É—Ä–æ–≤–∞—è –º–∞—Å–ª–µ–Ω–∏—Ü–∞ –∏ 1D –≤ –†–æ—Å—Å–∏–∏,481250,Microsoft Corporation,http://www.masterofcode.ru/
VrM9SCQgaaQ,UsachevToday - –¢–∏–º–∞—Ç–∏ –ø—Ä–æ—Ç–∏–≤ –ö–∏—Ä–∫–æ—Ä–æ–≤–∞ –∏ –≤—ã—Å—Ç–∞–≤–∫–∞ E3,478254,myducksvision.ru,http://spasiboeva.ru/blog/16334.html
9YvgfPk-BgQ,–ü–æ—Ä–∞ –≤–∞–ª–∏—Ç—å –≤ –ë–∞–Ω–≥–∫–æ–∫!,470063,Go Travel Un Limited (Hong Kong),http://map.aviasales.ru
npeG0d5xn2E,–¢—é—Ä—å–º–∞ –∑–∞ Pokemon GO –∏ –í–∏–¥—Ñ–µ—Å—Ç –≤ –ú–æ—Å–∫–≤–µ,469322,Change.org,http://goo.gl/f8h2Of
7p46LrOQjPI,UsachevToday - –ü—Ä–µ–º–∏—è –ú—É–∑ –¢–í –¥–∞–≤–∞–π –¥–æ —Å–≤–∏–¥–∞–Ω–∏—è –∏ –¥—Ä–∞–∫–∏ –Ω–∞ –ï–í–†–û,464697,myducksvision.ru,http://spasiboeva.ru/blog/16625.html
gyTJHpVdAJU,UsachevToday - –í–µ—á–µ—Ä–Ω–∏–π –£—Ä–≥–∞–Ω—Ç –∏ –æ–∂–∏–≤—à–∏–π –¢—É–ø–∞–∫,451637,"Joint stock company ""First channel""",http://www.1tv.ru/sprojects/si
fN6GXDuBJBc,–£—Ä–æ–∫–∏ —Ç–≤–∏—Ç—Ç–µ—Ä–∞. –ù–∞—á–∞–ª–æ,451571,spasiboeva.ru,http://spasiboeva.ru/blog/10662.html
jHY5k0Io7Oc,"–û—Ç–≤–µ—Ç –æ—Å–Ω–æ–≤–∞—Ç–µ–ª—é ""–°—Ä–µ–¥—ã"" –†—É—Å–ª–∞–Ω—É –°–æ—Ä–æ–∫–∏–Ω—É",450270,"""Kinopoisk"", LLC",http://www.kinopoisk.ru/film/647291/
kJcNKjKnxrE,–¢–≤–∏—Ç—Ç–µ—Ä –ò–≤–∞–Ω–∞ –û—Ö–ª–æ–±—ã—Å—Ç–∏–Ω–∞,448948,myducksvision.ru,http://spasiboeva.ru/blog/11818.html
YjJT3gInV0s,–í–∑–ª–æ–º –ú–µ–¥–≤–µ–¥–µ–≤–∞ –∏ –ß–µ–ª–æ–≤–µ–∫-–ø–∞—É–∫ –≤ –ú—Å—Ç–∏—Ç–µ–ª—è—Ö,448931,REDACTED FOR PRIVACY,http://www.youtube.com/russiatictac/
6rRQQPrrV5U,UsachevToday - –¶–µ—Ä–∫–æ–≤–Ω—ã–µ —Å–∫–∞–Ω–¥–∞–ª—ã –∏ —Ä–∞–∑–≤—Ä–∞—Ç–Ω—ã–µ –º–æ–¥–µ–ª–∏,443394,G/O Media Inc,http://kotaku.com/5900134/skimpy-outfit-gets-lollipop-chainsaw-cosplayer-asked-to-leave-pax
6rRQQPrrV5U,UsachevToday - –¶–µ—Ä–∫–æ–≤–Ω—ã–µ —Å–∫–∞–Ω–¥–∞–ª—ã –∏ —Ä–∞–∑–≤—Ä–∞—Ç–Ω—ã–µ –º–æ–¥–µ–ª–∏,443394,"LLC ""Lenta.Ru""",http://lenta.ru/news/2012/03/30/commies
UziaEXaNYtU,–†–æ–±–æ—Ç-—Å—Ç—Ä–∏–ø—Ç–∏–∑–µ—Ä –∏ —Ä—É—Å—Å–∫–∏–∏ÃÜ —Ö–∞–∏ÃÜ-—Ç–µ–∫,441754,vsemayki.ru,http://goo.gl/1YOVCg
0cRl2TqJkdg,UsachevToday - –ú–∞–ª–æ–ª–µ—Ç–Ω–∏–π —Ö–∞–∫–µ—Ä –∏ —Ç–µ–ª–µ—Ñ–æ–Ω-–∫–æ–Ω—Å—Ç—Ä—É–∫—Ç–æ—Ä,437807,RATE & GOODS HOLDING LIMITED,http://ratengoods.com/
X35CB6UYEOE,–ë–æ–∂–µ—Å—Ç–≤–µ–Ω–Ω—ã–π —Ä—ç–ø –∏ VideoPeople,430833,vidfest.ru,http://vidfest.ru
Y9J80873J70,–§–µ—Å—Ç–∏–≤–∞–ª—å –≤–∏–¥–µ–æ–±–ª–æ–≥–µ—Ä–æ–≤ –∏ –Ω–µ–ª–µ–≥–∞–ª—å–Ω—ã–µ –º–µ–º—ã,430312,vidfest.ru,http://vidfest.ru/
DIrB9wcPijY,–ß–µ–ª—è–±–∏–Ω—Å–∫–∏–π —ç–∫—Å—Ç—Ä–∏–º –∏ –Ω–∞–¥—É–≤–Ω–∞—è –º–µ–±–µ–ª—å,430049,360pano.eu,http://www.360pano.eu/show/
DIrB9wcPijY,–ß–µ–ª—è–±–∏–Ω—Å–∫–∏–π —ç–∫—Å—Ç—Ä–∏–º –∏ –Ω–∞–¥—É–≤–Ω–∞—è –º–µ–±–µ–ª—å,430049,Crowdfunding LLC,https://clck.ru/9shuF
C3y52f_6tkc,–û–∂–∏–≤–ª–µ–Ω–∏–µ –ú–∞–π–∫–ª–∞ –î–∂–µ–∫—Å–æ–Ω–∞ –∏ –ø–æ–∫—É–ø–∫–∞ Twitch,426845,vsemayki.ru,http://goo.gl/1YOVCg
N4x6tfp4RBg,–ó–µ–º–ª—è 2.0 –∏ –Ω–∏—â–∏–π —Ä—ç–ø–µ—Ä,421607,Paul OLeary,http://www.myshreddies.com/
RtBQ03dtPs8,–ü–ª–∞—Ç–Ω—ã–π YouTube –∏ –æ—Ç—á–∞—è–Ω–Ω—ã–π –î–∏ –ö–∞–ø—Ä–∏–æ,415760,REDACTED FOR PRIVACY,https://vk.com/tictac
jBbCF7g5ZX0,–ó–∞–≥–∞–¥–æ—á–Ω—ã–π —è—â–∏–∫ –∏ –Ω–æ–≤—ã–µ –£—Ç–∏–Ω—ã–µ –ò—Å—Ç–æ—Ä–∏–∏,405547,tochtovnutri.ru,http://tochtovnutri.ru/
CvFPtEeFwDU,–ü–æ–¥–±–∏—Ç—ã–π –±–æ–∏–Ω–≥ –∏ –ø—Ä–æ–±–ª–µ–º—ã –ê–≤—Ç–æ–≤–∞–∑–∞,402786,rokobay.ru,http://www.rokobay.ru/
6cKycI5dt-M,UsachevToday - PS4 –≤ –†–æ—Å—Å–∏–∏  –∏ —á–µ–º–æ–¥–∞–Ω –Ω–∞ –ö—Ä–∞—Å–Ω–æ–π –ü–ª–æ—â–∞–¥–∏,399321,"Getwear, Inc",http://getwear.com
bppuBd4Okzg,–°—Ç–∞—Ä—Ç–∞–ø –ë–∏–±–µ—Ä–∞ –∏ –≥–ª–æ–±–∞–ª—å–Ω—ã–π –∫–æ–Ω–∫—É—Ä—Å [ –≤ —Å–æ—Ç—Ä—É–¥–Ω–∏—á–µ—Å—Ç–≤–µ —Å Microsoft],395363,Microsoft Corporation,http://smarturl.it/LumiaPhones
_BPhql0I9sc,–õ–∏–≥–∞ —Å–ø—Ä–∞–≤–µ–¥–ª–∏–≤–æ—Å—Ç–∏ –∏ –Ω–æ–≤—ã–π StarCraft,394885,"Samsung Electronics CO., Ltd",https://goo.gl/XbnllT
oyWWqr_tSIU,–ë–ª–æ–∫–∏—Ä–æ–≤–∫–∞ Facebook –∏ –¥–µ—Ñ–∏—Ü–∏—Ç –∂–µ—Ç–æ–Ω—á–∏–∫–æ–≤,392088,Delivery Club LLC,http://zakazaka.ru/usachev
uoeQUuJWb64,–ö–∞–∫ —è –ø–æ–ø–∞–ª –≤ –æ—Ñ–∏—Å...,391594,Microsoft Corporation,https://products.office.com/ru-ru/try
8MB54xMoKj8,–ù–∞–≥—Ä–∞–¥–∞ –î–∏ –ö–∞–ø—Ä–∏–æ –∏ –ì–æ—Ä–æ–¥ –ì—Ä–µ—Ö–æ–≤ 2,391487,vsemayki.ru,http://www.skinon.ru/
Hkz7MjlTfBk,–°–í–û–ë–û–î–ù–´–ô –ò–ù–¢–ï–†–ù–ï–¢ –í –†–û–°–°–ò–ò ‚Äî –≠–¢–û –õ–£–ß–®–ò–ô –ü–û–î–ê–†–û–ö!,388448,i-graph comminity,https://vk.cc/98Cx5P
RmBlOIuJMVs,–°—Ç—Ä–∞—à–Ω–∞—è —Ç–∞–π–Ω–∞ –∞–≥–µ–Ω—Ç–∞ [4K],387504,Societe des Produits Nestle S.A.,https://vk.com/kitkat
RmBlOIuJMVs,–°—Ç—Ä–∞—à–Ω–∞—è —Ç–∞–π–Ω–∞ –∞–≥–µ–Ω—Ç–∞ [4K],387504,Jewella Privacy LLC Privacy ID# 14246399,http://phobia.ru/
bPOkyOTOIpw,UsachevToday - –ë–µ—Å–ø–æ—Ä—è–¥–∫–∏ –≤ –ö–∏–µ–≤–µ –∏ —Å—É–¥ GTA 5,378306,smartprogress.ru,http://smartprogress.ru
PuR31_uDti4,–î–µ—Ä–∑–∫–∏–π —É–≥–æ–Ω —Ç–∞–Ω–∫–∞ –∏ —Ç–æ–ª–µ—Ä–∞–Ω—Ç–Ω—ã–∏ÃÜ —Ñ–µ–∏ÃÜ—Å–±—É–∫,377869,RATE & GOODS HOLDING LIMITED,http://ratengoods.com/
PuR31_uDti4,–î–µ—Ä–∑–∫–∏–π —É–≥–æ–Ω —Ç–∞–Ω–∫–∞ –∏ —Ç–æ–ª–µ—Ä–∞–Ω—Ç–Ω—ã–∏ÃÜ —Ñ–µ–∏ÃÜ—Å–±—É–∫,377869,"KS, LLC",http://ponominalu.ru/event/stendap-ruslana-usacheva-i-danili-poperechnogo
a6OQ_PIit3g,–ü—Ä–µ–∑–∏–¥–µ–Ω—Ç –£–∫—Ä–∞–∏–Ω—ã –∏ –ü–æ–±–µ–¥–∞ –≤ –•–æ–∫–∫–µ–µ,376989,Delivery Club LLC,http://goo.gl/hflkeF
_UL7Etj9MI4,–û–ª–∏–º–ø–∏–∞–¥–∞ –≤ –°–æ—á–∏ –∏ –∑–∞–±–∞—Å—Ç–æ–≤–∫–∞ –≤ –õ–æ–Ω–¥–æ–Ω–µ,375825,youcomedy.me,http://youcomedy.me
rih0rHDHlEI,UsachevToday - –í–æ–¥–∫–∞ –¥–ª—è –±–æ–≥–∞—Ç—ã—Ö –∏ Call Of Duty –¥–ª—è –±–µ–¥–Ω—ã—Ö,373729,spasiboeva.ru,http://spasiboeva.ru/blog/17389.html
8oNKAegnH60,–ò–∏—Å—É—Å–∏–π –º–æ—Ç–æ—Ü–∏–∫–ª –∏  Apple Watch  –≤ –†–æ—Å—Å–∏–∏,358396,Societe des Produits Nestle S.A.,https://vk.com/nescafe3v1
5HWmZk6lyJA,–°—Ä—ã–≤ –∫–æ–Ω—Ü–µ—Ä—Ç–∞ –ú—ç–Ω—Å–æ–Ω–∞ –∏ –∞—Ç–∞–∫–∞ –≥–∏–≥–∞–Ω—Ç—Å–∫–æ–≥–æ –≤–ª–∞–≥–∞–ª–∏—â–∞,357865,vsemayki.ru,http://www.skinon.ru/
ffl1CjEJMXM,–¢—Ä–µ–π–ª–µ—Ä —Ñ–∏–ª—å–º–∞ - Assassin's Creed: –†–æ—Å—Å–∏—è 2 [E3 2015],353204,UbiSoft Entertainment,https://www.ubisoft.com
A_UwexzlhXE,–£—Ä–æ–∫–∏ —Ç–≤–∏—Ç—Ç–µ—Ä–∞. –ü–æ–¥–ø–∏—Å—á–∏–∫–∏,351343,spasiboeva.ru,http://spasiboeva.ru/blog/11209.html
HHoOLCiEddM,–£—Ä–æ–∫–∏ —Ç–≤–∏—Ç—Ç–µ—Ä–∞. –û —á–µ–º –Ω—É–∂–Ω–æ –ø–∏—Å–∞—Ç—å.,350876,myducksvision.ru,http://spasiboeva.ru/blog/12372.html
nPRu21SXOgs,–£—Ä–æ–∫–∏ —Ç–≤–∏—Ç—Ç–µ—Ä–∞. –§–∏–Ω–∞–ª,350362,myducksvision.ru,http://spasiboeva.ru/blog/14017.html
ykyZGgh-pKE,–ù–æ–≤–∏–Ω–∫–∏ E3 –∏ –∏—Ç–æ–≥–∏ –í–∏–¥—Ñ–µ—Å—Ç–∞,349015,UbiSoft Entertainment,https://www.ubisoft.com
Tslx1_3ugrQ,–ë–æ–µ–≤–∏–∫–∏ –≤ –ì—Ä–æ–∑–Ω–æ–º –∏ –Ω–æ–≤—ã–π –¢–µ—Ä–º–∏–Ω–∞—Ç–æ—Ä,348040,vsemayki.ru,http://goo.gl/1YOVCg
n5pS6rj-bzs,–Æ–±–∏–ª–µ–π YouTube –∏ —Å–µ–∫—Ä–µ—Ç–Ω—ã–π –ø—Ä–æ–µ–∫—Ç Apple,347966,travelworks.ru,http://www.travelworks.ru/contact/
oO-nrWvSiP4,–ó–∞–¥–µ—Ä–∂–∫–∞ GTA 5 –∏ –∫–æ–Ω–∫—É—Ä—Å –≤–∏–¥–µ–æ–±–ª–æ–≥–µ—Ä–æ–≤,330953,REDACTED FOR PRIVACY,https://vk.com/tictac
Q1Foa4E13KM,Xbox One –≤ –†–æ—Å—Å–∏–∏ –∏ –ø–∏–≤–æ–ø—Ä–æ–≤–æ–¥ –≤ –ë–µ–ª—å–≥–∏–∏,329310,Ziff Davis LLC,http://on.mash.to/1vedesV
Q1Foa4E13KM,Xbox One –≤ –†–æ—Å—Å–∏–∏ –∏ –ø–∏–≤–æ–ø—Ä–æ–≤–æ–¥ –≤ –ë–µ–ª—å–≥–∏–∏,329310,Rational Intellectual Holdings Limited,http://www.PokerStars.net/
2X5edBbF300,–î–æ—Ä–æ–≥–∏–µ –∞–π—Ñ–æ–Ω—ã –∏ –Ω–∞—Ä–æ–¥–Ω—ã–µ –∞–≤–∏–∞–ª–∏–Ω–∏–∏,327985,"KS, LLC",http://ponominalu.ru/event/stendap-ryslana-usacheva-i-danili-poperechnogo
XnR7plI9osY,UsachevToday - –ë–µ–∑–¥—É—Ö–æ–≤–Ω—ã–µ –∞–º–µ—Ä–∏–∫–∞–Ω—Ü—ã –∏ –Ω–∞—Å–ª–µ–¥–∏–µ –≤—ã–±–æ—Ä–æ–≤,324668,"Internet Invest, Ltd. dba Imena.ua",http://b23.ru/k5tf
XnR7plI9osY,UsachevToday - –ë–µ–∑–¥—É—Ö–æ–≤–Ω—ã–µ –∞–º–µ—Ä–∏–∫–∞–Ω—Ü—ã –∏ –Ω–∞—Å–ª–µ–¥–∏–µ –≤—ã–±–æ—Ä–æ–≤,324668,TheWrap News Inc.,http://b23.ru/k5tx
SgkbcQ1AzZs,UsachevToday - –°–∞–º–æ—É–±–∏–π—Å—Ç–≤–æ —Ä–æ–±–æ—Ç–∞ –∏ –∑–∞–ø—Ä–µ—Ç –Ω–∞ –¥–æ–ª–ª–∞—Ä—ã –≤ –†–æ—Å—Å–∏–∏,320685,"Personal data, can not be publicly disclosed according to applicable laws.",http://usachev.budist.ru
ewPEQqdNdpU,–ü—Ä–æ–¥–∞–∂–∞ –í–∫–æ–Ω—Ç–∞–∫—Ç–µ –∏ —Ä–µ—Ñ–µ—Ä–µ–Ω–¥—É–º –≤ –®–æ—Ç–ª–∞–Ω–¥–∏–∏,320340,HP Inc.,hp.com
2Y10ZktwawU,–ü–æ–≥—Ä–æ–º—ã –≤–æ –§—Ä–∞–Ω—Ü–∏–∏ –∏ –≤–∏—Ä—Ç—É–∞–ª—å–Ω–∞—è —Ä–µ–∞–ª—å–Ω–æ—Å—Ç—å,320332,Perfetti Van Melle Benelux B.V.,https://vk.com/mentosrussia
NgjtSLylyQo,UsachevToday - –û—Ç–º–µ–Ω–∞ –∫–æ–Ω—Ü–∞ —Å–≤–µ—Ç–∞ –∏ Diablo 3,318786,myducksvision.ru,http://spasiboeva.ru/blog/15418.html
QR_VMuKL8zk,–ó–∞—Ö–≤–∞—Ç –∑–∞–ª–æ–∂–Ω–∏–∫–æ–≤ –∏ —Å–∫–∞–Ω–¥–∞–ª —Å Sony,317391,HP Inc.,http://vk.com/HPRussia
RglnSgZ-UEA,–ê–º–µ—Ä–∏–∫–∞–Ω—Å–∫–∏–π –∫–æ—Å–ø–ª–µ–π –∏ –°–µ–∫—Ä–µ—Ç–Ω—ã–µ –º–∞—Ç–µ—Ä–∏–∞–ª—ã,314315,Vimpel-Communications Public Joint Stock Company,http://spb.beeline.ru/customers/products/mobile/bonus/details/bezlimitniy-i-besplatniy-internet-4g/
RglnSgZ-UEA,–ê–º–µ—Ä–∏–∫–∞–Ω—Å–∫–∏–π –∫–æ—Å–ø–ª–µ–π –∏ –°–µ–∫—Ä–µ—Ç–Ω—ã–µ –º–∞—Ç–µ—Ä–∏–∞–ª—ã,314315,LEGO Juris A/S,http://LEGO.ru/NEXOKNIGHTS.
aFemdsGGi_0,–†—É—Å–ª–∞–Ω –£—Å–∞—á–µ–≤ –∏ Ice Bucket Challenge,313221,Amyotrophic Lateral Sclerosis Association,http://www.alsa.org/
Z4cRtK5zZto,–°—Ç–æ–ª–∫–Ω–æ–≤–µ–Ω–∏—è –≤ –ö–∏–µ–≤–µ –∏ –±–æ—Ç–∏–Ω–∫–∏ –∏–∑ –±—É–¥—É—â–µ–≥–æ,308835,"KS, LLC",http://ponominalu.ru/event/stendap-ruslana-usacheva-i-danili-poperechnogo
_ObrJPl1U-k,–≠–∫—Å–∫–ª—é–∑–∏–≤–Ω—ã–π Assassin –∏ –ø–∞—Ä–∫ –ú–∏—è–¥–∑–∞–∫–∏,307868,Warner Bros. Entertainment Inc.,https://www.pottermore.com/writing-by-jk-rowling/the-potter-family
_ObrJPl1U-k,–≠–∫—Å–∫–ª—é–∑–∏–≤–Ω—ã–π Assassin –∏ –ø–∞—Ä–∫ –ú–∏—è–¥–∑–∞–∫–∏,307868,Informational Democracy Foundation,https://www.roi.ru/22543/
9CYBdM26Aeg,UsachevToday - –ü—É—Å–∏ –†–∞–π—Ç –∏ –ö–µ—Ä–∂–∞–∫–æ–≤–∏–Ω–≥,300387,spasiboeva.ru,http://spasiboeva.ru/blog/17179.html
NVyA4EaMnOw,–ß–ü –≤ –∞—ç—Ä–æ–ø–æ—Ä—Ç—É –∏ –ª–µ–≥–∫–∏–µ –¥–µ–Ω—å–≥–∏,297890,"OOO "" MoguZa""",http://www.moguza.ru
3svyqk_Snhc,UsachevToday - –†–æ–±–æ—Ç—ã –ø—Ä–æ—Å—Ç–∏—Ç—É—Ç–∫–∏ –∏ –∑–∞–±–∞—Å—Ç–æ–≤–∫–∞ –≤ –î—É–º–µ,295288,myducksvision.ru,http://spasiboeva.ru/blog/15725.html
qJMFm6s398M,–ú—É–∑—ã–∫–∞–ª—å–Ω—ã–µ —Å–æ–±–∞–∫–∏ –∏ –±—Ä–∞–∑–∏–ª—å—Å–∫–∏–µ –±–∞–Ω–¥–∏—Ç—ã,291402,vsemayki.ru,http://www.skinon.ru/
by5IA3RNPAs,UsachevToday - –®–∞—Ä–∏–∞—Ç—Å–∫–∏–µ —Å—É–¥—ã –∏ –∫–æ—Å–º–∏—á–µ—Å–∫–∞—è —Ä—É–¥–∞,290395,myducksvision.ru,http://spasiboeva.ru/blog/14363.html
wt4CMPOnpho,–ü–∞—Ü–∞–Ω—Å–∫–∏–π MUST HAVE –¥–ª—è —É–Ω–∏–≤–µ—Ä–∞ [–ö–û–ù–ö–£–†–°],281565,PJSC M.video,http://www.mvideo.ru/bagtoschool
t-RlUE6ztdY,–£—Ä–æ–∫–∏ —Ç–≤–∏—Ç—Ç–µ—Ä–∞. –°—Ç–∞—Ç–∏—Å—Ç–∏–∫–∞ —É—Å–ø–µ—Ö–∞,250031,myducksvision.ru,http://spasiboeva.ru/blog/13388.html
dgZbf8NhJug,UsachevToday - –ì–æ–ª–æ–≥—Ä–∞–º–º–∞ –§—Ä–µ–¥–¥–∏ –ú–µ—Ä–∫—É—Ä–∏ –∏ –æ—Ñ–∏—Å –≤ –ö—Ä–µ–º–ª–µ,248510,myducksvision.ru,http://spasiboeva.ru/blog/14694.html
EOEAwZDDhnE,UsachevToday - –ú–∞—Ä—à –º–∏–ª–ª–∏–æ–Ω–æ–≤ –∏ –ò–∫–æ–Ω–æ—Å—Ç–∞—Å –ú–∏—Ö–∞–∏ÃÜ–ª–æ–≤,247090,myducksvision.ru,http://spasiboeva.ru/blog/14972.html
eH0sAP7VkgI,–£—Ä–æ–∫–∏ —Ç–≤–∏—Ç—Ç–µ—Ä–∞. –•—ç—à—Ç–µ–≥–∏ –∏ —Ñ–µ–π–∫–∏,243144,myducksvision.ru,http://spasiboeva.ru/blog/13052.html
61_mTZSQU2E,–î–æ–∫–∞–∑–∞—Ç–µ–ª—å—Å—Ç–≤–æ —Å—É—â–µ—Å—Ç–≤–æ–≤–∞–Ω–∏—è —ç–∫—Å—Ç—Ä–∞—Å–µ–Ω—Å–æ–≤,243101,"KS, LLC",ponominalu.ru
A9kCPgVIbH4,UsachevToday - –î–µ–Ω—å–≥–∏ –∏ —É—Å–ø–µ—Ö 2012,187285,"""TRC ""2x2"" LLC",http://puls.2x2tv.ru/
